account_id,account_name,industry,segment
8f55adef-0abf-460f-9898-2cda579d9ba5,Senior Housing Properties Trust,Financial Services,Midmarket
c5b92423-831e-457c-afdd-e517420672df,"Blackrock MuniEnhanced Fund, Inc.",Automotive,SMB
de9b63ea-04cc-43ec-b622-3969981f1d7c,"Maiden Holdings, Ltd.",Pharmaceuticals,Midmarket
a9867c25-fd83-4e1b-8551-3bff728b163d,"Carrols Restaurant Group, Inc.",Logistics,SMB
61830633-16a3-49ad-9ff7-37a7d72f3aa8,Dell Technologies Inc.,Education,Enterprise
c800b8ed-8703-4015-8ab8-c2997efe4b6e,National Commerce Corporation,Utilities,Enterprise
b8df30fc-6b84-409e-8dd4-3e35d2cbb688,DENTSPLY SIRONA Inc.,Education,SMB
43726f88-8e49-4183-9e01-a90b9d815176,"First Savings Financial Group, Inc.",Real Estate,SMB
b2ad0572-3ed2-4339-b512-886cdd4b2636,Arlington Asset Investment Corp,Hospitality,Enterprise
5b475355-623f-402e-804e-1b2cb515d851,Phillips 66,Retail,Enterprise
362eb98b-228a-4864-8264-b21f52623193,Advent Claymore Convertible Securities and Income Fund II,Financial Services,SMB
e9842284-3ba7-4f57-85a6-9c31e2d02d74,SecureWorks Corp.,Healthcare,SMB
9d236fe6-04ee-45ab-9a60-e317b816e713,State Street Corporation,Retail,Midmarket
61ec1341-d058-4426-9cb2-4eb5b83a364f,"Avnet, Inc.",Education,Enterprise
3589b8a4-c48a-4ecf-ac5c-15bff4bd4c3e,"Greene County Bancorp, Inc.",Telecommunications,SMB
8a8bbf2b-c55c-45ad-b613-b9abb65914cc,Stone Harbor Emerging Markets Total Income Fund,Healthcare,SMB
28fb8067-ca87-4c62-b80e-61fb064766c9,Rayonier Advanced Materials Inc.,Technology,SMB
2d60d15b-4cea-4e87-ac01-a9497c3adda8,First Trust Japan AlphaDEX Fund,Hospitality,SMB
cf22e046-c787-4c54-825a-b0b2773f4cbd,"KMG Chemicals, Inc.",Technology,SMB
cbf73fa7-0ee7-44b2-9384-7753abb18599,"Caterpillar, Inc.",Telecommunications,SMB
f046c8e3-9d1f-46bb-ac29-de2fa12752b8,"Voya Financial, Inc.",Banking,Midmarket
897ee4a9-5c6d-4aaa-88f3-e5f61f9e46d0,Federal Agricultural Mortgage Corporation,Logistics,SMB
90ced603-4f37-46d5-b602-8a0aa5d1fc47,"Flex Pharma, Inc.",Healthcare,SMB
3b64654e-f4e0-4f15-a8f9-dc1c8e330dfd,"SPI Energy Co., Ltd.",Healthcare,Midmarket
540313af-8f40-4873-bb75-81e08c6e6a1e,Western Asset Mortgage Defined Opportunity Fund Inc,Technology,SMB
eb1ce531-5868-48e1-a452-7833dfda2ed9,Diageo plc,Utilities,SMB
b6d98d8c-c3eb-48c9-88b3-661763eaaf8f,"PolarityTE, Inc.",Healthcare,SMB
8b1a4010-c6a9-4fe1-8b5d-88362510169f,"Nutanix, Inc.",Utilities,Enterprise
96b7b2e0-5c9d-4547-a014-04761dfbd1b2,iShares MSCI Qatar Capped ETF,Hospitality,Enterprise
406a7903-fd6c-4ebd-8ecf-0de6a975cf5b,Mimecast Limited,Banking,SMB
b5d4b725-1b14-4222-b723-224c528b928d,"Goldman Sachs Group, Inc. (The)",Telecommunications,SMB
29954604-e038-4f26-af90-0250eb46c973,Macy's Inc,Logistics,SMB
c060b6f2-0093-42af-b183-39b06e5edb36,Algonquin Power & Utilities Corp.,Technology,SMB
e0cbab3a-112a-4713-8174-5d24986de06e,"Safe Bulkers, Inc",Telecommunications,Enterprise
b619b745-3d12-425c-92ea-42fffb12a30c,"Mota Group, Inc.",Real Estate,Midmarket
aa204cdd-bc21-42d0-a9ac-6908ce01f843,Darling Ingredients Inc.,Logistics,SMB
820e7d44-e684-4b39-9b92-a79ec5e0a731,Jacobs Engineering Group Inc.,Utilities,SMB
acb3e20e-0fdb-4db1-bbd3-6b41ba9239cc,Seanergy Maritime Holdings Corp,Banking,SMB
8a5a8852-aac5-4e96-b499-bcd07e9c1784,Entergy Corporation,Technology,SMB
1a590e57-d4cf-4efd-8e97-efd2c5399005,"Arista Networks, Inc.",Hospitality,SMB
73a6c461-b47c-48c5-8724-c16d1368151d,Cheetah Mobile Inc.,Technology,SMB
b3a64384-a4fd-4a71-aea6-70b3468f6903,"Paramount Group, Inc.",Real Estate,Midmarket
e768e40d-e064-43e1-9d8b-061ae777ce81,Quinpario Acquisition Corp. 2,Hospitality,Midmarket
c4f4d4ca-6a84-42de-aa6f-4c3bbab3c5e2,Liberty Media Corporation,Retail,SMB
70cd61d0-5861-4ebf-bf8e-f8d0eb0e88da,"SPX FLOW, Inc.",Financial Services,Enterprise
a5ef94c7-2e86-4c3f-b3b3-11657b1de026,PennantPark Floating Rate Capital Ltd.,Media and Entertainment,SMB
52f8b6e1-5ebc-4b75-a6d5-6799c67ad698,"LegacyTexas Financial Group, Inc.",Education,SMB
fdc1e97e-1c8c-49f5-ade8-d3f15f5d4c6c,"Stanley Black & Decker, Inc.",Logistics,SMB
45258424-affd-4708-ab8e-580ca53dfa58,CalAmp Corp.,Healthcare,Midmarket
02294d6d-bd2d-4d05-8f06-805a6b00fa42,"Trevena, Inc.",Hospitality,SMB
fc059d34-8a57-4157-8de7-9289bbc2e0a1,AGCO Corporation,Media and Entertainment,SMB
63d168a8-14ec-4ba2-8bc2-5ae794ea3185,Lindblad Expeditions Holdings Inc. ,Logistics,SMB
49933813-2600-429a-9c9c-80b8f281c055,SEACOR Marine Holdings Inc.,Automotive,SMB
ab49c0db-1f95-4ebf-8ffe-371a63aa71f0,"L3 Technologies, Inc.",Education,Enterprise
6137b006-a617-4bf9-8508-09da95269a45,Brown Forman Corporation,Retail,Enterprise
40a9d234-c580-42d1-a00a-f510520c0df7,"Mota Group, Inc.",Financial Services,SMB
11e6795a-b25a-4801-ac16-4c62ab0c2ab0,Gladstone Land Corporation,Logistics,Midmarket
1af54a48-f45e-4b74-b2fc-b3af71964750,National Beverage Corp.,Media and Entertainment,SMB
ac684f09-9472-419d-ba2f-277ed7fb57f1,"Monogram Residential Trust, Inc.",Manufacturing,SMB
644a48e4-06cf-435a-8f84-8e8d0e2a436e,Seaspan Corporation,Education,Midmarket
bea87c37-e980-458a-8ab4-6579db933f22,Reliance Steel & Aluminum Co.,Logistics,SMB
da2fc4c2-394f-4e9a-8d8b-e50a3f6af5ee,"Ultra Clean Holdings, Inc.",Real Estate,SMB
bd1ddd54-8181-4a24-a010-1996ce8d6646,Vanguard Russell 3000 ETF,Technology,Midmarket
6fbb4ce9-7efb-4d6e-83e1-24b03c28a59e,Teleflex Incorporated,Healthcare,SMB
5f757582-6c85-415d-a188-6539cba74702,"SunCoke Energy Partners, L.P.",Transportation,Midmarket
0d7858bb-ff8a-4753-a0a2-47da84d5f0e7,"Tortoise Energy Independence Fund, Inc.",Automotive,SMB
2e995166-1ec4-4d78-a58b-34a5254d325a,"America Movil, S.A.B. de C.V.",Telecommunications,SMB
2c165ba3-2fd7-44f9-958f-c679e0170e1b,First Trust United Kingdom AlphaDEX Fund,Logistics,Midmarket
da67ec8a-e3b8-4445-a6de-42de240d2d84,"Energy XXI Gulf Coast, Inc.",Telecommunications,SMB
e43d27e5-11e4-4e9e-8d01-00b68cb84d79,Natl Westminster Pfd,Construction,SMB
cd00a4a9-9d38-41cd-8c26-be18de583208,"Westbury Bancorp, Inc.",Banking,SMB
e9c3b20c-1c3e-4c32-8262-b56f55ff1e6e,New Media Investment Group Inc.,Technology,SMB
424ed2a2-e272-45df-80eb-e240bf92828a,"First Savings Financial Group, Inc.",Automotive,Enterprise
d44610ba-9141-48eb-9cc9-20c320f63b7a,Schlumberger N.V.,Retail,SMB
bdf391dd-1ebe-4fcb-a51e-0188800d670e,Discover Financial Services,Healthcare,SMB
8fac1af6-a7ed-424f-810c-394880d9e6a1,Blackrock New York Municipal Income Quality Trust,Technology,SMB
8aa281b7-9ef6-46ae-a2c2-01fbf7853093,"Select Energy Services, Inc.",Hospitality,Enterprise
ef0226cc-68a5-48ea-97d3-7e8a028a1807,Sealed Air Corporation,Technology,Midmarket
25ddaf2a-1816-4930-ba2b-f52ec7cc499a,Time Warner Inc.,Real Estate,SMB
3d765445-8904-4061-8e9f-f901f70a2fa6,Fanhua Inc.,Pharmaceuticals,SMB
429cf28d-ebf1-4a6d-9d07-ea717657c5ea,"Utah Medical Products, Inc.",Healthcare,Midmarket
ad928a81-f90a-4787-bf0c-dcf42fdf0505,First Trust Large Cap Growth AlphaDEX Fund,Automotive,Midmarket
01a2a8ef-af59-4656-a266-750c0e5d464c,"United Natural Foods, Inc.",Technology,Enterprise
31a68217-fc32-442c-bbe3-8569bc7cfe18,NewJersey Resources Corporation,Utilities,Midmarket
4cdcd026-f636-4338-9bae-c3bad8af126a,"Installed Building Products, Inc.",Hospitality,SMB
1b39cf3e-88ad-4d5d-8e5a-d0c8bf35487e,"Bottomline Technologies, Inc.",Telecommunications,Enterprise
91e9acc5-be60-43b8-8423-c5ec94791dbb,CF Corporation,Insurance,Enterprise
ca1a58f8-97e8-4b41-a4fb-ddf58fea696b,"American Assets Trust, Inc.",Utilities,SMB
9bdc0e38-94ca-40aa-841b-a1eef634537b,Coca-Cola Bottling Co. Consolidated,Media and Entertainment,Midmarket
e41a9b22-39b3-43de-a500-3b0b98977edf,CMS Energy Corporation,Healthcare,SMB
b16298d5-cb29-4e88-b7a2-b74e4341feb7,KKR & Co. L.P.,Education,SMB
15fc0d61-6784-409e-94aa-37692ac3023e,"Citizens Community Bancorp, Inc.",Hospitality,SMB
e8f8efe8-0578-4b30-ae08-37237c2945b2,"LendingTree, Inc.",Telecommunications,Enterprise
50baaee2-f602-44b2-b73c-a9c18363feed,"Valeant Pharmaceuticals International, Inc.",Logistics,SMB
d215d10d-63a7-48e4-8bd1-fd4cfcfb124d,First Trust Dorsey Wright Dynamic Focus 5 ETF,Logistics,SMB
5c0a15ef-1309-4457-9c0e-4921c8da8481,"Easterly Government Properties, Inc.",Technology,Midmarket
27265031-2376-4213-a0f7-b07f5a933469,"Liberty All-Star Growth Fund, Inc.",Energy,SMB
f2078979-4ac4-4650-87ee-a7f3e2541ae5,"Regeneron Pharmaceuticals, Inc.",Transportation,Enterprise
e2049628-075a-495a-aaaa-2de767d5d00b,Radian Group Inc.,Hospitality,SMB
f7faea14-8a6f-4458-be33-eb668051be94,Matlin & Partners Acquisition Corporation,Utilities,SMB
8d04eef7-c560-44ba-81de-2c74af9055ba,"RLJ Entertainment, Inc.",Insurance,SMB
ab30f453-8545-4a32-8ac9-b959b71a4332,"Alamo Group, Inc.",Logistics,SMB
b1d0f701-0e3e-467e-a944-9126624dee25,SandRidge Permian Trust,Logistics,Enterprise
99015963-ce0b-4329-8d13-b1f9bbf36e49,"Bio-Rad Laboratories, Inc.",Education,SMB
e6bc6f62-dfaf-4ad3-821e-7a103bbc6568,Public Storage,Retail,SMB
9e5632e7-b4b0-45e6-9181-5e9fb99fb7b5,First Trust NASDAQ Technology Dividend Index Fund,Telecommunications,SMB
935ec94a-1f37-4111-a70a-902da2b095b1,"Lands' End, Inc.",Logistics,SMB
4197ed3c-9d59-4296-b6e2-33f35e6c8c90,"Patterson Companies, Inc.",Hospitality,Enterprise
2f0d82b1-67a8-49f1-b659-108fb296f773,RLJ Lodging Trust,Retail,SMB
ab1c75a4-c50e-4bf2-b1bb-6341a3234c06,"Genesis Energy, L.P.",Transportation,Enterprise
e4f0d50f-954e-4e1f-98a0-c868a0dc6742,"Ossen Innovation Co., Ltd.",Hospitality,SMB
6f024887-44c6-4dd9-9ff9-6d6ead25b6ef,McKesson Corporation,Hospitality,Enterprise
87fc7cd8-1065-4aaf-826d-4bede9247b71,"Blackrock MuniHoldings California Quality Fund,  Inc.",Automotive,SMB
31682530-f339-465d-bfca-6cef4f13cdb7,"United Bancshares, Inc.",Retail,SMB
ac17fdf0-bea8-4626-a2e3-b8c3d95345da,Aegon NV,Retail,SMB
5e77bbbc-ed12-4753-ad79-f05a9cecc549,Archer-Daniels-Midland Company,Telecommunications,SMB
e2c351dd-520e-4c84-a4a9-925b85b5e3b8,DDR Corp.,Automotive,Midmarket
c332839b-fe81-4a37-abbc-8355eebc46ed,"CBOE Holdings, Inc.",Healthcare,SMB
a9ff61c4-cf0f-4b33-a587-c9bb9486ca74,"Mota Group, Inc.",Automotive,SMB
d13b2c37-f152-437f-8e10-efc475e486c5,Blackrock Floating Rate Income Strategies Fund Inc,Logistics,SMB
0cbc8d20-d99e-4a75-90a2-8306d3343c4a,Royal Bank Of Canada,Healthcare,SMB
a57dfa73-3e3a-4c3c-a648-e69be66b42dc,Chatham Lodging Trust (REIT),Retail,Enterprise
b68998c4-7ade-46e5-8ab2-1909f5889ce7,Biogen Inc.,Insurance,Midmarket
c97c3661-db19-4f71-9432-479c8395fcd7,IZEA Inc.,Banking,SMB
77866cce-7517-4e58-aa6b-893be1f11df8,Ituran Location and Control Ltd.,Financial Services,Enterprise
f903eac3-ebd0-4d78-a4f4-38c83640b4b4,"Jamba, Inc.",Telecommunications,SMB
bceb6287-6ef3-43ed-b7e5-02d2562cda63,"First Financial Northwest, Inc.",Healthcare,Enterprise
5839c276-c167-4164-85fa-7d75045bee6a,Danaos Corporation,Energy,Midmarket
5926451b-dc9a-4f3c-8422-dd5c89f5a698,Acco Brands Corporation,Logistics,Enterprise
34ba29ab-fc3f-4a8a-9ae4-f6aff4780401,"Under Armour, Inc.",Media and Entertainment,SMB
ffe675e9-5dbd-4959-bd4c-354eb8a0dc36,"Photronics, Inc.",Retail,Midmarket
c1028a2f-d52e-4542-9ed5-38df30da43d5,Fomento Economico Mexicano S.A.B. de C.V.,Automotive,SMB
c5829dd3-481c-4d42-99f9-ed8c23bd0aab,"Apollo Global Management, LLC",Technology,SMB
2f9a36cd-2c62-4fd2-86b5-f8b0007f7c53,"Sky Solar Holdings, Ltd.",Utilities,SMB
254a34c0-37a0-4bc4-aa8d-d7c56a689d2b,"Green Brick Partners, Inc.",Telecommunications,Enterprise
c7e5dcb1-8400-4307-9e0a-1540142fe34e,"CommScope Holding Company, Inc.",Hospitality,SMB
f3d803b3-f209-45fa-b615-111607269255,Waters Corporation,Hospitality,Enterprise
08edc7f6-1a38-49d4-a334-2d35121d4b0d,Adtalem Global Education Inc.,Technology,SMB
c6e7fbfd-38bf-4b2c-a690-3fa3251f5df1,Bank of America Corporation,Financial Services,SMB
954468b2-66f1-475a-885b-55b555a2178e,iShares MSCI Emerging Markets Asia Index Fund,Energy,SMB
b83edb40-ae8c-4b0d-b6ac-41e5f495dd73,"Lifetime Brands, Inc.",Healthcare,SMB
a1f72330-4aa5-4e1f-b03f-c2841492b7e9,First Trust High Income Long Short Fund,Hospitality,SMB
a4013529-393e-44bf-8a60-4a54ee15ae30,C&F Financial Corporation,Utilities,Enterprise
d751943d-264c-4134-9e1c-906cd3e021d0,"T2 Biosystems, Inc.",Insurance,Midmarket
19790d5d-f021-442d-a648-7994392e7d96,"Lilis Energy, Inc.",Telecommunications,Midmarket
f2995fd7-3d03-4b95-a75c-8b516b430438,"Insperity, Inc.",Healthcare,SMB
e73b4213-deef-4295-b6cb-e1441e4aca72,Zions Bancorporation,Healthcare,Midmarket
ca439826-7d08-4d68-9037-928fc6d1ea5d,"Grand Canyon Education, Inc.",Logistics,Midmarket
105bbcac-a725-4d47-bee4-60108ba9c420,Cresud S.A.C.I.F. y A.,Banking,Midmarket
75d75b76-0bed-4ceb-b40f-040583e9f86e,Regency Centers Corporation,Financial Services,SMB
f04d89a3-0025-43c9-894c-e65925131fb8,Knowles Corporation,Technology,SMB
c577c50c-a47b-4720-b5bd-f8ee74498426,"Selective Insurance Group, Inc.",Automotive,Midmarket
c4164f34-813e-412d-863f-3dc70fa5d010,CSX Corporation,Technology,SMB
a9a6278c-c7c8-471b-99d0-6e328d7ac567,Apollo Commercial Real Estate Finance,Media and Entertainment,SMB
742b71ba-d92c-4206-af2d-a985de73a523,BankFinancial Corporation,Technology,SMB
bffe0f6c-16cc-48b0-b385-37ac9107f350,"Iconix Brand Group, Inc.",Food and Beverage,SMB
3b2c98f0-e25d-4030-976f-4be29c8216d7,"Global Ship Lease, Inc.",Logistics,SMB
dc48f10b-24c8-4e37-aace-12f58334dc60,Black Box Corporation,Financial Services,SMB
81800759-2db9-4e3d-88ff-8cdeb8440c77,Ellington Financial LLC,Telecommunications,Enterprise
0a6b3160-167d-4bc8-8c43-68b3a12bfe0c,Matlin & Partners Acquisition Corporation,Telecommunications,SMB
11422b0a-b097-4d64-83a5-02b9facf8e91,"ShotSpotter, Inc.",Technology,SMB
7ce4de1b-ef59-4967-8ef4-30ceada86e0f,Agenus Inc.,Automotive,Midmarket
eb869088-f6a2-4d03-8869-214eafa6b6a2,PLDT Inc.,Retail,Midmarket
84409a01-61ac-4e4e-8d50-8af8e2df6324,"Raymond James Financial, Inc.",Automotive,SMB
8d446e47-6a54-4b1d-aa04-400ff11b7c6e,"ZAIS Group Holdings, Inc.",Construction,SMB
e3de9411-4fc0-4913-a415-d9658cf7e0dd,"Alder BioPharmaceuticals, Inc.",Real Estate,SMB
281f6ab7-f5f6-4f01-b18a-468a14c0133d,First Trust NASDAQ Cybersecurity ETF,Utilities,SMB
514fda80-9cb5-49f9-94d8-42d83e4007d6,"Hawaiian Electric Industries, Inc.",Logistics,Midmarket
d359a9e0-dcfb-405d-ab74-64b5d7f3ffc4,Barclays PLC,Automotive,SMB
94900ec4-a1ff-49c1-9a53-ace0c05bde70,CyrusOne Inc,Financial Services,SMB
8712554e-9117-46ad-a494-150cd563ca31,CDI Corporation,Telecommunications,SMB
879542e8-ca77-401e-a165-3b3d2696789c,"Wecast Network, Inc.",Telecommunications,SMB
8ca6e801-2816-4657-a7ba-5b1e19995ab6,Highpower International Inc,Financial Services,SMB
392d7974-ba19-4d94-8e43-a2e16d28416c,"Cal-Maine Foods, Inc.",Financial Services,Midmarket
cf557560-5fcc-48c7-9324-79708829dc14,"Quintiles IMS Holdings, Inc.",Telecommunications,SMB
18fbb909-6f1a-4059-8337-2d89c3a33772,"Red Robin Gourmet Burgers, Inc.",Media and Entertainment,Enterprise
309a429c-b4c8-4e30-a5de-5e9e012fd624,SPDR Dorsey Wright Fixed Income Allocation ETF,Real Estate,Midmarket
d63897ac-556e-4088-8f1c-29e5c5fbc398,"Acasti Pharma, Inc.",Media and Entertainment,SMB
e9d277a2-7328-424d-8820-59d0bd6389a3,Glen Burnie Bancorp,Healthcare,SMB
9909f4f5-f7dd-4fde-ab23-1d2c8bd27030,At Home Group Inc.,Telecommunications,SMB
c2420eef-ab62-4d7e-9776-c16893d918b9,GrubHub Inc.,Banking,Enterprise
a6da0ba0-e736-4400-a5c1-dda9ba1b4992,Akari Therapeutics Plc,Technology,SMB
3b101780-ecaa-401a-adc7-b30b5a178229,"Dominion Energy, Inc.",Technology,SMB
98e5cc8b-9f70-4e1b-8fea-115e5d99dc72,Horizons NASDAQ-100 Covered Call ETF,Telecommunications,SMB
c18bb286-1e13-460e-9963-35893ca730ca,WisdomTree China ex-State-Owned Enterprises Fund,Healthcare,SMB
8293c6f4-9202-4fba-8331-fdbd1937bac5,O2Micro International Limited,Utilities,SMB
7ef3f81d-8cbe-467b-8c29-63bcefee4b96,Clorox Company (The),Retail,Midmarket
4dcaef75-3ef3-4534-9ba2-ef42768c31e9,"Kforce, Inc.",Technology,SMB
f4366c45-f2f4-4549-b49b-0c35c79518ab,Baxter International Inc.,Telecommunications,Midmarket
57ed0d82-3074-4aa7-9751-266c01ca8991,HDFC Bank Limited,Education,Midmarket
cf9d4014-cced-4078-b216-d6d478ea064d,CF Corporation,Healthcare,SMB
07d7b4b5-fa24-4c4c-8eb8-8a1264c63ecd,"Arrow Electronics, Inc.",Automotive,Enterprise
d621d98d-aada-41a6-baeb-ca6d77650a25,"H&R Block, Inc.",Media and Entertainment,Midmarket
a31efb98-250b-45d7-8e93-ae63fcec1ef1,Huron Consulting Group Inc.,Energy,Midmarket
b2b7ad96-603d-4b12-8bab-e421235fdc80,"Heartland Express, Inc.",Hospitality,Midmarket
6dd8bf73-ed01-49d7-beba-2fb6705822f3,PIMCO Municipal Income Fund III,Healthcare,Enterprise
780b9495-6f9a-417f-a97e-44f4f568ba2b,"Smith & Nephew SNATS, Inc.",Insurance,SMB
8ef845fd-6d22-4265-8845-40241c0b8adf,"Arrow Electronics, Inc.",Energy,SMB
25cfd4b3-f70e-4e0a-940e-aa6d417c7bc6,Capitala Finance Corp.,Logistics,Midmarket
612a5903-7ab8-423c-acb4-ae06da499774,"TriNet Group, Inc.",Telecommunications,SMB
add9ecfd-5e36-42ad-bd63-91dc375e05df,"The Hain Celestial Group, Inc.",Education,SMB
1c6d2876-0b8d-4abf-b9f6-13142473d0e8,S&W Seed Company,Education,SMB
88d856b7-55ae-42e5-88e1-6c5ef7cad01b,Torchmark Corporation,Telecommunications,SMB
256aebb1-865b-4148-bb03-5a8b37e1f2df,Noble Corporation,Education,SMB
42df4e75-c654-4b75-b67b-5917db7951c4,Talend S.A.,Logistics,SMB
010c93cd-9e21-4ec8-9529-84b90acb42f2,"ScanSource, Inc.",Telecommunications,Midmarket
1b92911f-4c9f-41b5-a251-e0a870fc3f94,"CenturyLink, Inc.",Real Estate,Midmarket
191864d1-024c-405a-9ac6-0fef36f05772,"Equus Total Return, Inc.",Healthcare,SMB
6e50859c-e73c-4100-9f6f-2d6c3faad516,"American Axle & Manufacturing Holdings, Inc.",Logistics,Midmarket
2877d9ed-c94a-4482-8f3f-16a937ac313b,"Maiden Holdings, Ltd.",Retail,Midmarket
dee326dd-1d86-4e49-9564-b81bbe9ba6ab,"Meridian Bancorp, Inc.",Education,SMB
243e4738-4272-4866-8461-bc80aea9e2b1,"Illumina, Inc.",Telecommunications,SMB
5fe6ac6a-9ffb-42a9-b4f3-f5885a701acc,Seanergy Maritime Holdings Corp,Automotive,Midmarket
90736680-a4f1-4bec-9906-cf59e50bd3b7,Ciner Resources LP,Retail,SMB
bd03f9cb-4e9f-42f4-b38d-b1edc45654ff,Calamos Global Total Return Fund,Media and Entertainment,SMB
210a0a9d-afad-48a0-b3a0-8bfc0e756cf2,Ichor Holdings,Media and Entertainment,SMB
05a35f8f-baac-42e1-a0cd-f6dfe4faaeee,Valley National Bancorp,Automotive,SMB
e29d2f06-1243-4b3f-ab4b-28db8c001956,Tiffany & Co.,Technology,SMB
eb316d13-88dc-4595-b053-c0edf0fa5140,American Homes 4 Rent,Pharmaceuticals,Midmarket
04164ded-b568-44ce-86f2-f25ac575a7cd,Cosan Limited,Technology,SMB
4788ddb9-fe40-40b4-b9f1-b31ee74b4324,Atlanticus Holdings Corporation,Technology,SMB
ef1296b0-b02e-4a8a-b68b-807c158ce8ae,Nuveen New Jersey Quality Municipal Income Fund,Financial Services,Enterprise
4589736f-6b49-4c5a-b13c-9da8b1927e54,Platform Specialty Products Corporation,Retail,Midmarket
ad1f2aec-0dfc-43dd-9306-dcaf98adddf8,"Real Industry, Inc. ",Food and Beverage,Midmarket
c4548a25-4ba4-4080-84d8-59583ab55046,"TrueCar, Inc.",Education,SMB
b247949e-69aa-4850-8a1e-cb44d1b78cdf,"Synopsys, Inc.",Telecommunications,Midmarket
5aa27c92-e77b-4b9b-973b-9b7f73ca9200,Enerplus Corporation,Financial Services,SMB
7c0ec8b9-56af-484a-a970-d163e72792f3,China Finance Online Co. Limited,Logistics,SMB
bd9ea433-d277-41ff-a728-8b7f90709312,"Heron Therapeutics, Inc.  ",Retail,SMB
01aaf181-a74b-4c49-87bc-633529a4747a,The Cheesecake Factory Incorporated,Telecommunications,SMB
adb124eb-ac6d-4039-b05f-d3599b33cb00,Barings Participation Investors,Logistics,SMB
aa50e35f-e07b-4da6-9a3f-62afce33bfff,"Spark Energy, Inc.",Logistics,Midmarket
9cfea0da-75b5-4d8c-8bba-b7f901d77cda,"EOG Resources, Inc.",Healthcare,SMB
1c2ea8a5-cbc2-4892-a7cf-e48a487998d0,Quinpario Acquisition Corp. 2,Retail,SMB
8e2a7906-079c-402a-ae15-c042dbb6b9ef,First Trust RiverFront Dynamic Asia Pacific ETF,Financial Services,Midmarket
93d18f66-ff46-4c87-a50f-c841c6947a28,EPR Properties,Logistics,Midmarket
0b19c7e5-a67c-41b0-b725-e3b419f39a49,At Home Group Inc.,Education,Enterprise
bdc226cc-f253-4e64-aff4-8a1d16b0aa6e,Inphi Corporation,Financial Services,SMB
7225ce3d-0e23-4dc6-8919-3f0311cdb847,Navistar International Corporation,Hospitality,Midmarket
0b7245fa-9278-427e-8be9-e31dda76c48c,"Cedar Fair, L.P.",Technology,SMB
dd4902ba-245b-4a0b-975d-ca86ad3637d2,"Old Second Bancorp, Inc.",Automotive,SMB
91c7dea7-fba2-448a-9485-03e5d211d60e,SEI Investments Company,Media and Entertainment,SMB
004f9141-cccb-4922-b623-aeb4e63d92fa,Invesco Credit Opportunities Fund,Financial Services,SMB
0f6bd8fa-dd13-4750-8b1a-5e2ba3c5302a,AMREP Corporation,Financial Services,SMB
173b90a3-317b-4ee7-8212-a4306a272733,iSectors Post-MPT Growth ETF,Hospitality,SMB
03272e39-95fd-4222-b7fc-93e3247391e1,"QEP Resources, Inc.",Media and Entertainment,Enterprise
97535116-c301-4486-88c8-7c92f060f6e0,AZZ Inc.,Technology,SMB
5ebeca6e-16c0-48ba-8210-9944a33c9bfe,Aceto Corporation,Technology,Midmarket
df7c959e-d063-4a1e-a137-c585978ca772,"LGI Homes, Inc.",Retail,SMB
007fd437-0329-4310-826f-261ccceed30d,Griffon Corporation,Logistics,Midmarket
12dba4bd-1d11-432d-99c2-b48d3e5bb2da,Corporate Office Properties Trust,Technology,SMB
11dcd96e-c2d8-4022-b802-734fe2755610,Goldcorp Inc.,Financial Services,SMB
94267247-fbcb-4b8a-a551-4755bd793e49,Apollo Investment Corporation,Financial Services,SMB
22719790-7223-4250-887c-8f1783f79985,"MasTec, Inc.",Financial Services,SMB
50cf11dc-747f-41f1-9f0b-ebf4d4bf4e6a,"Five Prime Therapeutics, Inc.",Financial Services,Midmarket
adaa8752-c59e-4447-a0ad-c1afc1067432,Zions Bancorporation,Real Estate,Midmarket
09cc5785-064f-46bd-94ce-b7847f47e41b,Matthews International Corporation,Technology,Enterprise
08bc8d81-bc3c-4697-9525-3a766258a5ef,"Cree, Inc.",Retail,SMB
de6d0fd5-50ae-4ec8-ad90-90dd38fdbeac,"Alico, Inc.",Hospitality,SMB
36cc1ee5-d1b1-4645-bc00-8b757a6a2c36,"Olympic Steel, Inc.",Construction,Midmarket
956334c8-426c-46f7-9dee-8e7568704abb,Fomento Economico Mexicano S.A.B. de C.V.,Healthcare,SMB
0e7cf348-52f1-4d71-87d3-7e2c81e24832,FirstService Corporation,Utilities,Midmarket
2de21e23-bb29-4f83-ad3f-3a5a72011b97,"WellCare Health Plans, Inc.",Retail,Midmarket
3c2c110a-13a9-4ec9-ab2a-b65c53d765ca,"Benchmark Electronics, Inc.",Real Estate,Midmarket
1b4fa1f2-28cc-4c53-854b-0f1b0f3a87ed,"Boston Beer Company, Inc. (The)",Utilities,Midmarket
0d67bf5b-4984-4d39-b130-41e243268029,Pacific Special Acquisition Corp.,Healthcare,SMB
6e4f907d-47d9-4dec-8875-4eaf621b756c,"Proto Labs, Inc.",Insurance,SMB
11ba1c89-030a-4ab1-b40c-51276474f888,"Alexander's, Inc.",Logistics,Midmarket
598d7ce4-db7f-4235-80a6-ee943d3d5172,"Aware, Inc.",Education,Enterprise
215603d7-7305-41b1-a0e0-fd6159845056,Baltimore Gas & Electric Company,Transportation,Enterprise
601ce1b3-924f-47a5-b4d3-57dbac9840dd,Forum Merger Corporation,Hospitality,SMB
8433bf6f-bd49-4d69-89c7-d610beef18c2,"Siliconware Precision Industries Company, Ltd.",Technology,SMB
d1a5c0ca-6d18-43f8-8fb3-ecfcf2271cc6,"The Hanover Insurance Group, Inc.",Media and Entertainment,Enterprise
e615b836-fff8-47b3-9783-c5170e1ca967,Evercore Partners Inc,Education,SMB
fab25160-08f1-4356-8d8f-307ddeba959f,Amaya Inc.,Technology,Midmarket
844afd6d-202e-453a-b58e-9af812d34d99,"Grifols, S.A.",Education,SMB
eb02f700-9aa5-4ca1-b47f-6b4c0809bdba,Apollo Commercial Real Estate Finance,Media and Entertainment,Midmarket
afbb5a31-459e-4de9-baab-12bf9aeee215,Wintrust Financial Corporation,Banking,SMB
11473d1b-2b02-4d2d-83de-4902a2cdc0cb,Landmark Infrastructure Partners LP,Real Estate,Midmarket
2e95c397-a96d-4d12-a92a-e885e06b470a,"Landstar System, Inc.",Pharmaceuticals,SMB
df91e2f7-0db8-43a7-9279-215aa405cba5,"Endologix, Inc.",Insurance,Midmarket
4726f4f0-df99-4c0b-9336-3a8da9f1b5da,Berkshire Hathaway Inc.,Energy,Midmarket
6d9cb198-7537-4807-a6c8-36b04db776dc,"Worthington Industries, Inc.",Food and Beverage,SMB
fad6bef7-bc2c-45f8-91fe-e290021c1241,VanEck Vectors Pharmaceutical ETF,Hospitality,SMB
30973e1a-c098-4b1b-9a02-d38fa75a8eeb,"Basic Energy Services, Inc.",Media and Entertainment,SMB
b6780e34-fca5-4af0-b107-d3a236b72b96,Convergys Corporation,Healthcare,SMB
d770c173-642e-4b73-99f1-49bd9cd9ea29,Diamondrock Hospitality Company,Healthcare,SMB
8545b258-8c1f-430a-bceb-49fd4888c29b,Mercury Systems Inc,Financial Services,SMB
322fa32e-fa8b-4655-85ce-ff6961682a13,"Brookline Bancorp, Inc.",Retail,SMB
245688b2-b6a7-4811-902c-4595731200aa,Hunter Maritime Acquisition Corp.,Construction,SMB
7e1310ee-2c6a-4323-a9f6-e1cb8a2fbbcd,"Equifax, Inc.",Technology,Enterprise
19845a32-49fb-41c8-897b-212091d50778,Lehman ABS Corporation,Healthcare,Enterprise
f2681868-259d-45c2-ba8a-ee567e41aeab,Matlin & Partners Acquisition Corporation,Construction,SMB
c1b15631-d1eb-47e9-97e8-bac16d867e48,"Chanticleer Holdings, Inc.",Hospitality,Midmarket
626297c2-b2dd-4829-9f16-69d864eb7cb8,Sotherly Hotels Inc.,Logistics,SMB
e0779ae2-f567-4fe3-bc86-47298ea44c93,"Caterpillar, Inc.",Technology,SMB
a34f63a0-d6cb-46cd-9ad0-27dc50f2c3fc,"Cullen/Frost Bankers, Inc.",Transportation,Enterprise
13dae45e-54f9-46d1-a6ac-3ec35be6a296,Artisan Partners Asset Management Inc.,Transportation,SMB
b9c69761-7ae8-49e6-891e-79d69bbfefa9,Boardwalk Pipeline Partners L.P.,Technology,SMB
fc33ba33-da8a-4774-a553-63ef036ee915,"Vishay Intertechnology, Inc.",Media and Entertainment,Enterprise
f0ab8cbf-7221-4ca8-a382-b424e8553f3f,"Ironwood Pharmaceuticals, Inc.",Healthcare,Midmarket
ce382ebc-15ff-4ace-87f1-e0840483129d,First United Corporation,Healthcare,SMB
f50de2b2-66d0-4a6c-bf0b-cebdada7c9ad,Equity Residential,Technology,Enterprise
095a7e91-2468-46ab-8d03-8e0b2a3c7921,Zions Bancorporation,Food and Beverage,Enterprise
a785d880-5437-47a9-a2d8-c949184053d1,Eagle Point Credit Company Inc.,Construction,Midmarket
6e1a47e3-3719-444a-b551-4a5cbf6b6445,Kayne Anderson Energy Development Company,Banking,Enterprise
cb0768a7-2ccb-47e6-b785-81f3e7ad1561,"Colony NorthStar, Inc.",Education,Enterprise
537fc811-4f76-454e-a820-5de749ee0237,SM Energy Company,Retail,SMB
97df921e-40bf-46a0-a313-ff808eaccd08,Qwest Corporation,Real Estate,SMB
0abe6a23-c8a5-4aef-9683-a3f610888788,"Seattle Genetics, Inc.",Banking,SMB
e621aaa5-74ec-4683-af48-3f41534b5d5c,iShares S&P India Nifty 50 Index Fund,Financial Services,SMB
bc4d46de-bd82-4557-b1f0-07edfebc807b,Global X Internet of Things ETF,Utilities,Midmarket
f4618721-ca16-41da-9cdc-bd85eac7ec30,CytRx Corporation,Manufacturing,Enterprise
94ba199b-96bb-48ce-aca6-fa649641e978,iShares FTSE EPRA/NAREIT Europe Index Fund,Food and Beverage,SMB
9d553721-ad34-4f56-bf2c-6a257851ab9b,"Madrigal Pharmaceuticals, Inc.",Education,SMB
d17c6c56-61f3-4604-ae1b-70c0ae843159,Benitec Biopharma Limited,Education,SMB
9dfcb482-2e9c-448d-ad85-3a6985d14c8f,"Oncobiologics, Inc.",Utilities,Midmarket
94700114-1193-4d33-9557-58a8b1c22f21,Eaton Vance Tax-Managed Buy-Write Income Fund,Retail,SMB
c1871418-0862-4856-aeb5-32cad2e36ec5,Fortress Investment Group LLC,Healthcare,Enterprise
4d6f7067-2bb5-4e06-a4eb-c940abd228ce,"iRhythm Technologies, Inc.",Telecommunications,SMB
01f64cea-ac1d-431c-9556-2f9e033405df,Gabelli Dividend,Hospitality,SMB
bf58f027-c1d5-4644-bcb1-aaabe38185ad,"Level 3 Communications, Inc.",Real Estate,Midmarket
b6c5fccc-8fc8-48c2-b6d0-5bc9ddddec2e,Ivy NextShares,Energy,Midmarket
1cbfc176-b093-49af-8d72-e7938be77277,"Frankly, Inc.",Construction,SMB
396804bd-e523-4489-bbc4-418a991ed9b6,"LGI Homes, Inc.",Technology,Midmarket
032b83eb-f010-4cba-aaf9-28872ea1c1bf,CHS Inc,Manufacturing,Midmarket
3fe1d5bd-5cf3-4970-85de-dbceb57832e5,Torchmark Corporation,Telecommunications,Midmarket
b133ae0a-0d2a-4804-92c8-2f01e8c1094b,"Nuance Communications, Inc.",Telecommunications,Midmarket
913201b8-d0b5-4735-84bb-da80aec30469,MGM Growth Properties LLC,Logistics,Midmarket
8e7d6ebe-2a74-4346-a36b-dcbed1653a11,Wells Fargo & Company,Healthcare,SMB
2818bc94-ef0b-45a9-9998-ff239cf8bf39,Select Asset Inc.,Retail,SMB
e68dc73b-d317-4789-bfb4-a94b671b228f,"Pacific American Income Shares, Inc.",Logistics,Enterprise
0549dee3-9cb8-45db-9beb-55f5c47196b5,"Image Sensing Systems, Inc.",Transportation,Enterprise
127d99e2-08ef-45c1-8d15-75b7dbd1a40e,"Lawson Products, Inc.",Education,SMB
57dcbe2a-b546-4d7e-a212-6f48dc0dc401,Regency Centers Corporation,Media and Entertainment,SMB
32106d85-2265-4905-be70-ba74b18566d0,Euronav NV,Technology,Midmarket
df3bd3cc-5b7c-42ba-9f30-b085b89893e6,"KCAP Financial, Inc.",Media and Entertainment,Enterprise
98a69ef4-d30d-4d1c-9d11-cc1f0b7012fb,"Ignyta, Inc.",Utilities,SMB
9c9289ae-1bd9-402e-8a2a-4920aad9811a,Starbucks Corporation,Automotive,SMB
699ff7ae-4cde-446c-bd12-f4b0a8a957b4,Advanced Accelerator Applications S.A.,Education,Midmarket
e723e7d6-07cf-4621-81b0-df054a4b47ea,Edwards Lifesciences Corporation,Food and Beverage,SMB
4e81d90a-d1d2-4202-968b-6e92a83d89e2,Vical Incorporated,Logistics,SMB
93e3bd1a-73a2-48ab-9d3b-60d75dfc4443,Lear Corporation,Telecommunications,SMB
de82ea9a-3fd8-4cf7-8d86-f7e98f5b4f9a,Voya Asia Pacific High Dividend Equity Income Fund,Education,SMB
2eb1d144-b476-4a23-bbdd-26973fe409c1,"Bloomin' Brands, Inc.",Technology,SMB
bd8024ec-88cf-4504-96e1-cdd8bf7f8f32,TransMontaigne Partners L.P.,Banking,SMB
44660eb6-235b-4e94-8480-24de3006e407,"Old Second Bancorp, Inc.",Financial Services,Midmarket
51da9136-19a3-4c8a-ad0d-9db6d2fc4e38,"The Hanover Insurance Group, Inc.",Real Estate,Midmarket
b8aff9e0-52ee-499e-b872-ee3eb5c3ec79,"Grupo Aeroportuario del Sureste, S.A. de C.V.",Financial Services,SMB
4fa12d69-0d6c-4b9a-bac6-27bf4865d9b3,Black Hills Corporation,Logistics,SMB
7743c94b-64ec-4bce-8bf1-6eb56b9472b6,"NETGEAR, Inc.",Energy,Midmarket
87db353e-e7b7-4c45-9cda-eb4065c48823,"LGI Homes, Inc.",Real Estate,Enterprise
e56549be-e95d-4355-933f-70da8271b19d,"Triumph Group, Inc.",Energy,SMB
fa466df9-10e7-47b8-b012-0ad0707dc64a,"Aspen Aerogels, Inc.",Hospitality,SMB
f4a31613-9bf2-470b-b3a6-178bd01a1ae3,Hersha Hospitality Trust,Financial Services,Enterprise
d7611a47-7ace-43a8-89a9-54b82f305183,First Trust Germany AlphaDEX Fund,Healthcare,Midmarket
6f53fd80-c14e-4a91-b276-64d30ab66849,Alliance California Municipal Income Fund Inc,Automotive,Midmarket
f52817a5-1546-471b-86f0-4e7efbda0664,"Morgan Stanley Emerging Markets Domestic Debt Fund, Inc.",Hospitality,SMB
d73094ea-8748-48fd-b948-aac1e011b553,"Gores Holdings II, Inc.",Healthcare,Midmarket
47283632-7ba4-4fa1-95f6-be00ab22db29,Materion Corporation,Construction,SMB
8e9fedb1-3ce8-4276-a952-608185e432f6,Sabre Corporation,Healthcare,SMB
ebcdb7d1-04fa-44cf-aeaf-5ca62742c383,"Washington Federal, Inc.",Telecommunications,SMB
a2e1f958-c4a3-4c9f-9e7d-058ca675e7a3,"SunCoke Energy Partners, L.P.",Retail,SMB
c9b47e31-e8cf-406a-a1f5-c76e1d067450,Dynegy Inc.,Technology,Midmarket
e3b33cdc-5d21-4ebf-836d-2ebc9c6af64d,"Welbilt, Inc.",Energy,Midmarket
aea359e7-0c58-4cff-b816-40af0a46058a,"Landcadia Holdings, Inc.",Insurance,SMB
77207f79-4b8a-4650-abf9-1adeda80dfe6,"Sun Communities, Inc.",Technology,SMB
7005c160-1628-4c18-82c6-caf35eef6f33,"Porter Bancorp, Inc.",Logistics,Midmarket
167bc022-e161-4461-b6e6-22d72f984202,"Edgewater Technology, Inc.",Pharmaceuticals,SMB
f65a2af4-b1ad-4a37-b215-1f19455c6c79,Six Flags Entertainment Corporation New,Financial Services,Midmarket
52f41f72-ae08-4199-a282-c64c1b35425f,Western Asset Municipal Defined Opportunity Trust Inc,Utilities,Enterprise
358fa9d0-3e4e-4b6c-a63f-bd2b2c26f189,FutureFuel Corp.,Retail,SMB
8b19f170-6f2f-4637-b7a7-109b99e4a13b,VanEck Vectors Pharmaceutical ETF,Telecommunications,SMB
bd0d5711-8ce0-4395-b7d2-20eb4de3988b,"CASI Pharmaceuticals, Inc.",Telecommunications,Midmarket
88deee5e-81b5-48e5-8ff4-01bc016f003a,Oak Valley Bancorp (CA),Technology,SMB
84584ffb-92ab-4d93-9db2-b409da766cad,"NextEra Energy Partners, LP",Education,SMB
769df1fd-ff6f-4aa3-bb6a-65df9fdf055b,"Communications Systems, Inc.",Financial Services,SMB
f33d1301-a31b-4798-8c98-3a7fc5900f84,"Comstock Resources, Inc.",Financial Services,SMB
34d89ef0-bedb-47db-88b5-93515b95d538,Reading International Inc,Retail,Midmarket
885830d3-cc34-4ac0-990b-78326adeca31,Brixmor Property Group Inc.,Energy,Midmarket
250b1f8b-5559-4a39-a2db-74f3b48141c4,TOR Minerals International Inc,Banking,Midmarket
ec66ac03-cf27-4f1e-b639-8f91b883adf3,iPath US Treasury Steepener ETN,Logistics,SMB
3b233819-dd97-44d5-b170-52aad01fc3b4,First Trust South Korea AlphaDEX Fund,Technology,SMB
d05528b3-81a7-4155-b37a-ba235aab899e,ResMed Inc.,Financial Services,Midmarket
64643243-0f6c-49f7-bbbc-d32664bca67a,"Scripps Networks Interactive, Inc",Healthcare,SMB
e01c2e82-661f-44eb-af3b-921635987794,"Albireo Pharma, Inc.",Financial Services,SMB
f1e8e77e-cd52-4466-b146-d833d030f289,Southern California Edison Company,Education,SMB
afc6ce28-0a4b-4553-b384-0d084eeb4c75,Principal Real Estate Income Fund,Technology,SMB
7c32c56c-6384-4341-b759-e63046ed326e,Adaptimmune Therapeutics plc,Pharmaceuticals,SMB
b5ddd8f6-9477-4731-b6a7-9eba013d355f,"Syndax Pharmaceuticals, Inc.",Manufacturing,SMB
49bfa8fe-a491-4a34-9ac2-27965f1587aa,"PowerShares QQQ Trust, Series 1",Utilities,SMB
2362bcfd-4bea-41a1-a35f-fc2136fb9b04,Pioneer Municipal High Income Advantage Trust,Food and Beverage,SMB
906c98be-ce50-4e4b-bb22-8d483f4b6806,National Research Corporation,Real Estate,Enterprise
0673575c-455b-4fbb-bcf6-3d198643742c,Forum Merger Corporation,Transportation,Midmarket
8ba511c3-3cee-4d00-8487-7cab9796adf2,"Iteris, Inc.",Real Estate,Enterprise
834f2eec-fd98-4922-947e-aedfa189c368,CSRA Inc.,Financial Services,SMB
8fcc66c1-502f-4230-8b09-d31773058bc4,"Neenah Paper, Inc.",Automotive,Enterprise
e2d6b23a-30af-429b-94bc-2376c74626fd,"Banc of California, Inc.",Financial Services,Midmarket
3c72e78a-c788-416c-915c-354c21c2c67a,"Blackrock Debt Strategies Fund, Inc.",Telecommunications,SMB
63275c11-8d09-4619-bfd4-926c459c4ddf,Lehman ABS Corporation,Financial Services,SMB
443b520c-de63-4099-8279-8131621620b8,"Vectrus, Inc.",Education,SMB
d2aedc17-71f6-4220-b303-49ed62fe632d,"Global Brokerage, Inc.",Education,SMB
4f43143c-4e27-4d1e-a49b-fc5b05b4d122,Cemtrex Inc.,Automotive,SMB
b3f1de0d-08f7-41f9-9cf4-e8477055d192,"Endocyte, Inc.",Retail,SMB
084f9788-0e59-48c6-894f-cfde94d20d13,"Chico's FAS, Inc.",Retail,SMB
177f870d-91b4-4a66-9cc3-8f2bb06edf0c,"Orchid Island Capital, Inc.",Automotive,Midmarket
930f4d60-6a9b-4a54-9037-427763d89dfa,Eaton Vance Enhanced Equity Income Fund II,Telecommunications,SMB
c8daa187-7f0b-4370-ac45-cb8441523d96,Fibria Celulose S.A.,Utilities,SMB
74e5e3ac-ae5b-4297-839a-41984d56e2f2,Amerco,Construction,SMB
c3266ddb-057c-4634-b85a-00d04b12feba,Loews Corporation,Transportation,SMB
7ea2a99e-d305-4956-8c33-646cb98bc8ac,"Weyco Group, Inc.",Hospitality,SMB
850b6142-5fe9-4202-9d02-3edcba9f1d94,National General Holdings Corp,Healthcare,Enterprise
4c263afd-383a-4dee-9c3b-ab7986e1c67b,CSX Corporation,Media and Entertainment,Enterprise
7151f7dc-8f51-4410-90d8-b633c4390be4,Royal Bank Scotland plc (The),Logistics,Midmarket
5bab534d-3904-4a8b-9fe9-7c66a996af03,"Laureate Education, Inc.",Telecommunications,SMB
c9be672b-d693-4989-8a02-26cbd94b71e6,Rowan Companies plc,Education,SMB
b5596742-24e8-4b69-9467-2c66524d69b7,First Trust BICK Index Fund,Media and Entertainment,SMB
dc7548ed-82c7-433a-a289-df52309bca15,"B. Riley Financial, Inc.",Telecommunications,Midmarket
bbea98a2-5f2d-43e4-bddd-bb6aa9731df6,Companhia Paranaense de Energia (COPEL),Healthcare,Midmarket
f5ae82d0-54c4-483e-af60-979ff1ce2565,Chesapeake Lodging Trust,Logistics,SMB
9736cf5e-cbd0-4a07-a01c-6a47414b2b43,"Plantronics, Inc.",Logistics,Midmarket
ff5abde6-f979-4569-9db5-7d57392ccf83,"Discovery Communications, Inc.",Financial Services,SMB
b2208439-6121-49b6-bbb4-a7d0cd513f13,Pacific Special Acquisition Corp.,Telecommunications,SMB
6cbb7101-0095-4b6e-ba8c-0e5c827ca933,StoneMor Partners L.P.,Media and Entertainment,Midmarket
d3843942-9f0d-4836-beeb-57e9d75bd561,"Stage Stores, Inc.",Telecommunications,SMB
aed6693c-e1a5-43cf-885c-36d3aa4f6689,Forum Merger Corporation,Healthcare,Midmarket
a4787af7-3f6a-4bea-aea7-a69a1dfef0ea,"Agilysys, Inc.",Logistics,Enterprise
adfa836b-6996-40ef-93e6-31f1baeee9a5,Ivy NextShares,Logistics,Enterprise
befb87a5-ceb0-4876-afb7-7ad579d4046d,JM Global Holding Company,Automotive,Midmarket
24ae4cfd-754e-45c8-b4d4-2515051cf423,First Trust Low Duration Opportunities ETF,Education,Enterprise
e8d77b84-7d4f-4aca-929e-fef7860c4379,Jacksonville Bancorp Inc.,Hospitality,Enterprise
781ae441-a40b-4156-830a-75c570178c23,RXi Pharmaceuticals Corporation,Financial Services,SMB
96b86565-4399-4492-9f4e-041d4e3baf37,"Old Second Bancorp, Inc.",Hospitality,SMB
ac3dc4a7-e4a0-454e-8874-3dc06f256263,Vanguard Global ex-U.S. Real Estate ETF,Automotive,Midmarket
9d1e904f-096d-42ce-8312-e86b7acd6b9b,Hecla Mining Company,Telecommunications,SMB
683647a1-e4c9-4c43-bab9-4692f289ade7,Intellipharmaceutics International Inc.,Construction,Midmarket
6e952029-e905-43f0-8d24-0e28fc65b732,Intra-Cellular Therapies Inc.,Banking,SMB
b7c5f1d0-6846-42ee-a873-adc5fd1f9bbd,"SciClone Pharmaceuticals, Inc.",Financial Services,SMB
0c3f1c50-a13f-4977-aa35-0a76dbd4b245,"Trupanion, Inc.",Retail,SMB
0611011f-c7e0-435a-9ec7-136f78c2b7c2,XTL Biopharmaceuticals Ltd.,Telecommunications,Enterprise
6b4d6e68-2077-4241-b2c2-489bc84c203e,Microsemi Corporation,Pharmaceuticals,Midmarket
92d5dfa0-c3e4-4f14-a0a5-3fec38a7a832,"Host Hotels & Resorts, Inc.",Healthcare,Midmarket
21a087e9-86f1-4e86-9b55-f83461f2833d,VictoryShares US Discovery Enhanced Volatility Wtd ETF,Media and Entertainment,SMB
87ab35b2-d258-49a8-b30e-db50cd36336c,3M Company,Telecommunications,SMB
146cd152-1472-40bd-aadc-0e7e83d33c49,"Xencor, Inc.",Transportation,Midmarket
26b1343c-be73-4ab7-8e53-65863b7564d4,Rexnord Corporation,Financial Services,Midmarket
4a73f896-a4ed-48cc-ad1e-4e28db291e0f,Horizon Technology Finance Corporation,Insurance,SMB
2e867a08-98b7-47a0-9d0f-9e3cf163bf9c,Jazz Pharmaceuticals plc,Technology,Enterprise
6f795b1b-3587-407c-8fba-6cfa369d72eb,"Cavco Industries, Inc.",Financial Services,Midmarket
20466851-7c73-400d-9773-3e2663643b45,Bank of America Corporation,Logistics,SMB
ee927a8a-5629-4c57-8179-c73f03ad7c44,China Rapid Finance Limited,Real Estate,SMB
ad9a37ca-8494-4b99-8aa6-ef2d3c523db2,"P.A.M. Transportation Services, Inc.",Food and Beverage,Midmarket
4564fdaa-607f-4a1b-a7e4-35f8037d3f6a,Hill-Rom Holdings Inc,Financial Services,SMB
93da7bb3-8280-4718-b74f-c3357d5c351d,Prospect Capital Corporation,Hospitality,SMB
87c8c8e1-8489-4a6d-ba9f-4b4a4c9ca92e,"Wheeler Real Estate Investment Trust, Inc.",Telecommunications,Enterprise
67134160-148b-48bf-9e19-563954c8c81f,"Intrepid Potash, Inc",Insurance,SMB
52e15d8b-db43-407f-bbcb-3b4a3ab90bec,Layne Christensen Company,Energy,Midmarket
38ae3c0c-5bdb-4687-ae84-45942aa1624d,Aluminum Corporation of China Limited,Education,Midmarket
962379b8-cbd7-4c6a-ac21-be50ad864f21,Coca-Cola Bottling Co. Consolidated,Hospitality,SMB
5d6dda9c-01a4-42aa-ae66-a9db8a9afb9c,BlackRock New York Investment Quality Municipal Trust Inc. (Th,Healthcare,SMB
b74d7f4c-571b-41b2-82a3-3e76935c1bea,"American National Bankshares, Inc.",Energy,Midmarket
6cd05dc6-9533-417b-8145-2d8d7a8d0c62,Hanesbrands Inc.,Construction,Midmarket
3064171f-d537-434e-8a07-1a19e5973f70,II-VI Incorporated,Logistics,Enterprise
975b68b2-381f-4e04-b151-bf0a72265baa,Cowen Inc.,Telecommunications,SMB
529829d8-0729-4b5a-89a3-25362b748ae9,Conduent Incorporated,Insurance,SMB
40e41ef3-5f78-4fe6-8576-b05b8258edd5,DMC Global Inc.,Energy,Enterprise
23f0c1a7-57ae-4489-86b5-b56e01181571,"Pain Therapeutics, Inc.",Education,SMB
47b6a06c-c33b-461c-9b14-324751d44bf0,"AquaBounty Technologies, Inc.",Healthcare,SMB
98576ce7-01fd-4498-b8b3-702ff2a275cc,Exelon Corporation,Retail,SMB
c24c103e-3b55-4cae-ae55-583dc741d0b8,"Vital Therapies, Inc.",Technology,Midmarket
1f948a78-8e5d-45b3-8a59-692d4440c634,"WEC Energy Group, Inc.",Healthcare,Midmarket
7f017661-24ad-4b99-ab9f-f1c04144b0ed,"ShotSpotter, Inc.",Retail,SMB
1f38848f-bd67-451e-bc34-74354eedd7d3,Westinghouse Air Brake Technologies Corporation,Media and Entertainment,Midmarket
7379b3ec-f8bc-498d-895f-0352a6c5da47,First Trust Small Cap Core AlphaDEX Fund,Healthcare,Midmarket
43feee79-f0c3-43ad-9a80-1cb809b0be3b,"Hartford Financial Services Group, Inc. (The)",Education,Midmarket
93ada8aa-293c-4f5e-93f5-520d3f820b29,Turquoise Hill Resources Ltd.,Media and Entertainment,Midmarket
3fddb2be-b3ab-49d3-a5cd-1be478fd9c8d,PVH Corp.,Real Estate,Midmarket
4de466e7-395e-4571-af8b-572079f349ef,"Edge Therapeutics, Inc.",Logistics,Enterprise
4bdabe17-ac33-49b8-97d0-0574254e6e23,"Post Holdings, Inc.",Education,SMB
a15a1f80-9d66-40e5-96c5-cb4bd971d1af,"Atara Biotherapeutics, Inc.",Healthcare,Midmarket
3d30ad81-ab56-4569-a1fb-ef950881ae3c,STRATS Trust,Telecommunications,Midmarket
4e23978a-b20b-4e64-b42f-616958894920,"Banco Santander, S.A.",Logistics,Enterprise
6ae01901-28fe-4a62-9c35-ee406fc9f27a,"NetApp, Inc.",Automotive,Enterprise
c7b5d8b6-f5a4-4a36-85de-c9ef8a596dd5,"Advanced Drainage Systems, Inc.",Logistics,Midmarket
0800e25c-8675-44d4-a0d3-4de0a75adb5d,Boulevard Acquisition Corp. II,Technology,SMB
bc3a706c-b887-4570-a5e7-db5809046ba1,Great Plains Energy Inc,Energy,Enterprise
ac1511ff-4cde-472f-81fd-63cff3535020,"NextEra Energy, Inc.",Automotive,Enterprise
2f33af44-78d2-4b25-8da1-e6b72a0c6b93,iShares Global Infrastructure ETF,Logistics,Midmarket
28675137-a7ba-40f2-937b-e901b9dc769e,GP Investments Acquisition Corp.,Manufacturing,Enterprise
3a6ab8d0-02f5-4f85-a7b8-4a1b6981e2c9,"Donegal Group, Inc.",Technology,SMB
41065795-92ed-4eb6-8124-a32e211b9205,"MVC Capital, Inc.",Retail,Enterprise
3f910aea-46cc-433d-a833-3e33a2ea2982,Select Asset Inc.,Technology,Midmarket
d2994035-5c6a-40a2-b340-497a46eabbec,Calpine Corporation,Insurance,SMB
f798d3d4-a20e-45aa-bb0d-0cfbaa9d9923,Ivy High Income Opportunities Fund,Logistics,SMB
14987b11-7ebc-4360-ab05-164bbe44e678,Hillenbrand Inc,Financial Services,Midmarket
fc101958-d776-4048-8cd3-6b3f6d07dbd9,Westamerica Bancorporation,Insurance,SMB
97ba2582-79bd-44e0-8616-c4f7314dd15b,ZTO Express (Cayman) Inc.,Real Estate,Enterprise
6feb9cc5-64d5-4225-9e39-4ba46cd1552b,"Nuveen New York Municipal Value Fund, Inc.",Logistics,Midmarket
3eaae9d4-edec-4f46-9d34-d5c215aa73c5,"Bridge Bancorp, Inc.",Telecommunications,SMB
7b8241f4-b092-4bc6-875c-8a9cb09701cd,Microbot Medical Inc. ,Automotive,SMB
4f045149-4fbf-40f5-af0e-b8565eb09f7f,First Trust Alternative Absolute Return Strategy ETF,Technology,Enterprise
093986e4-6cff-41e4-a5b3-a3563132d506,"Shiloh Industries, Inc.",Media and Entertainment,Enterprise
51cf6d22-f638-4d84-b790-a07abae36e89,"Century Bancorp, Inc.",Hospitality,SMB
d23b053f-2802-40ba-82d2-0f658decbf63,"Internationa Flavors & Fragrances, Inc.",Energy,Midmarket
3d58ddd4-5c96-496b-b3ca-7fd67a8dab2f,"Spirit Aerosystems Holdings, Inc.",Media and Entertainment,Midmarket
71ff6f13-80b8-4691-a063-28ec4b8e8d32,RGC Resources Inc.,Automotive,Midmarket
13501edc-9cc1-4ac7-a020-43f953c86086,"NetApp, Inc.",Real Estate,SMB
55f80758-1f3c-48be-977f-43d1162ab564,Old Point Financial Corporation,Logistics,SMB
55863030-3cfa-4665-93d1-c1a9120d258f,"Autodesk, Inc.",Telecommunications,SMB
6b2979e2-e70c-4d00-8c37-9869b3a1586f,"Kulicke and Soffa Industries, Inc.",Telecommunications,Midmarket
7ac76dd1-6f6f-4525-8f71-2d312cf336d5,AquaVenture Holdings Limited,Technology,SMB
f9dee996-9686-47e7-be5b-dcd6e41781c2,Benitec Biopharma Limited,Logistics,SMB
32f2098f-fb90-4e87-9187-158058823033,Silver Run Acquisition Corporation II,Automotive,SMB
088d09b2-6245-4b37-8d2d-4ff8d7101605,ResMed Inc.,Logistics,Midmarket
54d4deef-bfc6-4a0f-b707-36a438837497,NASDAQ TEST STOCK,Education,SMB
f7727a83-6b06-4e24-b241-3c767b4ffacb,"Five Prime Therapeutics, Inc.",Telecommunications,Midmarket
bcde3265-06d3-41b4-883d-1f10318f54f8,Aluminum Corporation of China Limited,Technology,SMB
5080cad7-9b6f-4eb6-b3ff-7b64b4338d3b,Celgene Corporation,Real Estate,SMB
aeec2e9f-47af-493c-85e7-1dedd8c0d3ce,AXT Inc,Logistics,Enterprise
056b91ce-0be2-44c3-aa74-de04200b2c46,"Fate Therapeutics, Inc.",Financial Services,SMB
547cac25-2845-4f87-b679-e1bf45c9c4f0,"Dynex Capital, Inc.",Media and Entertainment,Midmarket
bce708ac-2b0c-44e6-847f-ac44b118f909,"Stellar Biotechnologies, Inc.",Media and Entertainment,Midmarket
710b294b-a90d-449e-815a-c73f9b39b7d9,Chatham Lodging Trust (REIT),Logistics,Enterprise
5b0db922-1b0e-4039-af84-f68a461cb341,Rite Aid Corporation,Banking,SMB
ab359166-047e-4b54-ba72-d48e6d148ee0,"Ulta Beauty, Inc.",Telecommunications,SMB
2ad4de4d-47c1-48a8-ad8a-ebd3d5241274,QAD Inc.,Financial Services,Enterprise
ded4ebd5-0806-4a91-b3ef-57482c0a003a,Fidelity Nasdaq Composite Index Tracking Stock,Retail,SMB
f656c7b6-b0ff-4a1b-92f9-a8992fb9be7b,Vertex Pharmaceuticals Incorporated,Financial Services,Enterprise
1e88c17e-7d0e-4826-9d9c-8cc27a27e765,BBVA Banco Frances S.A.,Financial Services,Enterprise
28af563d-7b37-4e41-a08e-4b3f9c267527,First Trust Low Beta Income ETF,Education,SMB
ef97e941-c995-460a-9d82-be50a727b050,iStar Financial Inc.,Telecommunications,SMB
4ec6e6c7-a2f9-4246-ab67-36e8c415fa33,Wells Fargo & Company,Retail,SMB
6a062df8-5327-4f30-ad5a-255efb4106c4,"Merrimack Pharmaceuticals, Inc.",Education,SMB
0eebd983-1123-4537-b2b8-10b79ce91aa4,First Trust/Aberdeen Emerging Opportunity Fund,Media and Entertainment,Enterprise
7c4039e8-04f1-4b9a-9b33-ac83c14c17ff,"Sajan, Inc.",Financial Services,SMB
1a386580-cf51-446e-8fb8-44b9cb844a38,"Hercules Capital, Inc.",Education,Enterprise
be6565d3-9c39-49f3-9951-81acea79682d,OceanFirst Financial Corp.,Insurance,SMB
3024f1a9-99b3-40be-b390-6068e282e84d,China Eastern Airlines Corporation Ltd.,Manufacturing,Midmarket
90165c80-fe7b-4e0f-9d06-7b955cd0345e,Medley LLC,Telecommunications,SMB
03fdcadf-16d0-4013-9e2c-930ba2add243,Caesars Entertainment Corporation,Transportation,Midmarket
1230c262-7418-4b11-8135-f5eca7bd00df,Vanguard Russell 3000 ETF,Healthcare,SMB
fc345abf-e605-4085-81de-8461629e3ea2,Qualstar Corporation,Telecommunications,Midmarket
1af2744a-ef93-484a-a431-02f7601efdd8,SandRidge Mississippian Trust I,Utilities,SMB
09bd806b-31c1-4c15-9058-ffeaa0abdfa7,PowerShares DWA Momentum Portfolio,Hospitality,SMB
6f4e85bb-c054-441a-877a-aea137793f5e,Norwood Financial Corp.,Automotive,SMB
e2f072d2-1184-49e3-a43f-daff634bfa1b,Liberty Interactive Corporation,Automotive,SMB
c2fc6bc5-515c-4655-a23a-9cf56854ae76,iShares Global Infrastructure ETF,Technology,Midmarket
4349be16-dcf2-47f2-94a7-e772ee15a7b4,OMNOVA Solutions Inc.,Technology,SMB
e1706ee8-5cd1-4ef8-8cca-3ef3bf0225e0,LendingClub Corporation,Real Estate,Midmarket
1146ebae-fed5-4f2f-a416-e2b86386e33d,Central Garden & Pet Company,Insurance,SMB
af5910ef-88f0-4ef2-b55a-49b4cd932b11,"Best Buy Co., Inc.",Utilities,Midmarket
d50b26d4-9da3-4f52-b8e4-9cf70d8c3053,"NeoGenomics, Inc.",Technology,Midmarket
69721090-04a4-4408-95d5-3c03e3b8ce01,"Centennial Resource Development, Inc.",Energy,Midmarket
dd084838-269c-4b32-a13f-919ca431865e,"Avinger, Inc.",Logistics,SMB
e1fa8020-ab84-4892-bb0c-2dea6e244732,RAIT Financial Trust,Education,Midmarket
7b64a266-488e-493c-8bea-7ecfc6cdf480,Bank Of New York Mellon Corporation (The),Hospitality,SMB
9c17f414-a45b-4ad6-bef0-80ef52aa86ce,Global Payments Inc.,Financial Services,Midmarket
efa9dec6-b8f0-4486-8027-a0633577857d,CRISPR Therapeutics AG,Technology,SMB
6489fc80-4cc2-4a02-b6d7-4d0904e21e0d,"Voyager Therapeutics, Inc.",Healthcare,Midmarket
b5a9d3af-3bb2-44af-9986-a3fb137871e6,"G1 Therapeutics, Inc.",Telecommunications,SMB
13d000b6-4e9f-450a-94e0-cf13dd930411,Putnam Managed Municipal Income Trust,Real Estate,Midmarket
648046a7-078b-441e-8f53-dfe0879e71ab,Acacia Research Corporation,Healthcare,SMB
1e1e36ef-26a1-4175-abea-004e174a733f,"Peak Resorts, Inc.",Energy,Midmarket
84bcb468-da8e-43ad-8ab5-ec6c61ff9682,OM Asset Management plc,Hospitality,Enterprise
d5ee33f3-50ec-4a23-82ab-f145d9359cdb,"Global Brass and Copper Holdings, Inc.",Technology,SMB
c1257436-8b58-4252-abdf-98733dda608c,First Trust NASDAQ-100- Technology Index Fund,Telecommunications,SMB
acf77ca8-c64e-4e4d-95dc-3bc79c1ba301,"State National Companies, Inc.",Technology,SMB
7d9beba2-b182-4b83-9625-9a983326a18c,National Retail Properties,Insurance,SMB
16203a25-2d7c-4d19-adb3-2ed845bf3922,Eaton Vance Corporation,Financial Services,Enterprise
01bc81f7-8371-4312-85ff-ec9ac2c387ea,"Hill International, Inc.",Technology,SMB
5476f0f1-4d4a-4c62-851d-34280c7285da,Exa Corporation,Technology,SMB
ef2d6a22-2a56-4a08-8828-db4f344fc21d,Liberty Global plc,Technology,SMB
5e246563-0fdd-4064-86bf-80a09e9fabdb,"Catasys, Inc.",Telecommunications,SMB
66674965-b3b6-4839-88d3-edadf8a0c7e8,UBS AG,Media and Entertainment,SMB
a84484f8-11a4-4476-91ea-e92b2f73de99,"Atwood Oceanics, Inc.",Healthcare,Midmarket
8f63e51e-f388-4d31-b7dd-921e7b416fb4,Valero Energy Corporation,Hospitality,Midmarket
d087b695-8a23-4413-8715-227ea32e8ce6,Qwest Corporation,Pharmaceuticals,SMB
7f343b41-c85e-4c10-a7b6-359a1bbc97c1,"Town Sports International Holdings, Inc.",Education,SMB
1be57c83-b18e-4703-93ed-a035aede42f8,Conyers Park Acquisition Corp.,Technology,Midmarket
d7c89e83-c76f-43ba-b4c4-aa547c4e16c3,"Nike, Inc.",Insurance,Enterprise
118c62f9-f862-4440-a285-f7d75cbd09d6,"Vocera Communications, Inc.",Logistics,Enterprise
927672c4-f021-4681-be00-0d43d61fc913,Nuveen Connecticut Quality Municipal Income Fund,Technology,SMB
7bd554da-2f1b-4fcb-bf26-20d283c6c898,First Trust RiverFront Dynamic Europe ETF,Logistics,SMB
c1b8f538-757b-4758-a491-0ca7f6fc7fb8,"Kratos Defense & Security Solutions, Inc.",Media and Entertainment,Midmarket
8b3f6dd4-ba41-4ad4-a9b9-9b0522a9a1ac,Amplify Online Retail ETF,Transportation,Midmarket
4145bae7-dc2b-4a96-93f3-5782c8b157fb,"Continental Resources, Inc.",Retail,SMB
87c81cda-18b5-4df5-a7e2-876ba007c1c3,"EQT Midstream Partners, LP",Technology,Midmarket
a93cd0ba-e2dc-44da-899f-ae2e87c8242a,"OneMain Holdings, Inc.",Automotive,SMB
f17f06ba-fe9f-4095-a4bf-bafd30b0fcb4,Benitec Biopharma Limited,Utilities,Midmarket
d4e125ef-8742-4429-ad56-8e9208919c01,VictoryShares Dividend Accelerator ETF,Manufacturing,SMB
a9755e2d-5052-485c-b034-aaac429879fa,iPath US Treasury Long Bond Bear ETN,Technology,Enterprise
19e8fff5-e106-46fe-84e7-7bf90fdc6f30,Drive Shack Inc.,Technology,SMB
12b97a12-db61-440e-8640-647e5889c4d6,Nuveen Virginia Quality Municipal Income Fund,Logistics,Midmarket
62c7dfb8-5bbb-4166-88fb-96411aeed0e0,Comtech Telecommunications Corp.,Financial Services,Enterprise
faf804ce-8027-4b1a-944a-8b5e1ba01cf7,"Golden Entertainment, Inc.",Healthcare,Midmarket
c49473bd-99b8-42e3-a078-355faf79c8be,Brightcove Inc.,Logistics,SMB
46a537a6-68aa-49eb-b405-cde322ffa508,"Landcadia Holdings, Inc.",Healthcare,Midmarket
6f720c0d-a3b5-4994-91c4-80c576232606,Ability Inc.,Construction,SMB
0dc2f6ab-2c47-4048-90dd-232151a554f9,"Natural Gas Services Group, Inc.",Logistics,SMB
e63a0393-cd75-4108-95ee-352bbf0a2d75,"MaxPoint Interactive, Inc.",Financial Services,Enterprise
a96858ed-fcdb-43eb-8733-25b2cb040189,WEX Inc.,Financial Services,Midmarket
733de52b-7572-4588-a8fb-9cecb80295ec,"Blackrock MuniYield Quality Fund III, Inc.",Automotive,SMB
cec636d4-a2d7-49ab-8ede-5484bb965d7c,Brookfield Real Assets Income Fund Inc.,Media and Entertainment,SMB
74c2d4d6-a7e5-48ec-b00b-bfaa81f42d17,"Kadmon Holdings, Inc.",Healthcare,SMB
afaf0c8e-2006-41f4-beb6-9d2535b7aa73,"J. Jill, Inc.",Financial Services,SMB
35047163-6185-4251-b7e2-ae5a57d10ab3,Eaton Vance Corporation,Food and Beverage,SMB
af020a23-17d9-4cb1-92b2-74f622eedb3e,"ChinaNet Online Holdings, Inc.",Education,Enterprise
89b9d542-0279-496b-b8a3-c603175acded,"Wal-Mart Stores, Inc.",Banking,SMB
c671872e-8056-4c9e-ba9f-25ac6b25ee84,CF Corporation,Hospitality,Midmarket
08e71532-3d6a-4cf1-8473-b02080327029,POSCO,Banking,Enterprise
29960257-9f1e-4f78-86a8-db85b22860a2,"Extreme Networks, Inc.",Automotive,SMB
bfae5452-76b9-4161-9e89-d9c62ed8b164,PrimeEnergy Corporation,Logistics,Midmarket
ee2ffdc1-5c87-4b41-96f5-e93603789a9b,Origo Acquisition Corporation,Utilities,Enterprise
74bb6650-afed-477e-8436-f15d9a90486c,First Trust Mid Cap Growth AlphaDEX Fund,Real Estate,Midmarket
8d6b61bf-7bd6-4304-966f-033f3f2b5855,"Infinity Pharmaceuticals, Inc.",Financial Services,SMB
5d5ffbcb-7c5e-4528-80a7-96471414f134,Anworth Mortgage Asset  Corporation,Telecommunications,SMB
920a316e-e410-4f4c-a1dd-1086b92f4b05,Brookfield DTLA Inc.,Utilities,SMB
a0b808ea-44c5-42e9-818b-22ab60dbf26c,"Haverty Furniture Companies, Inc.",Healthcare,Midmarket
5cc477d2-159a-40ef-b5b8-5c68518d4b09,Azul S.A.,Healthcare,Enterprise
72bcba07-9f54-46da-b448-39005005f963,Mack-Cali Realty Corporation,Hospitality,Midmarket
0d28a4f2-aeab-4239-a316-3183e9be5f21,CrossAmerica Partners LP,Financial Services,Midmarket
94c402f4-ba26-4239-bd59-afd75b55791f,Eagle Point Credit Company Inc.,Healthcare,Midmarket
486f88c3-13fb-424d-bf4c-5d1b25b35472,"Sucampo Pharmaceuticals, Inc.",Insurance,SMB
c2e59a97-032b-4841-9096-130bdd1cf369,Cohen & Steers Inc,Logistics,Midmarket
9689ced4-3708-48d9-a29b-70b51b13f617,"Anthem, Inc.",Logistics,Midmarket
0dbc8535-46f0-42e0-b433-b6808c1f00b4,First Trust Switzerland AlphaDEX Fund,Healthcare,SMB
7edbf581-8a62-43fa-9f36-4522c229c62e,Deutsch Bk Contingent Cap Tr V,Automotive,SMB
09925bb7-c99c-4a0e-83d8-395e0734485b,FlexShares STOXX Global ESG Impact Index Fund,Healthcare,Midmarket
f2c60c04-994f-407b-ae64-71b84bc68bf0,Quorum Health Corporation,Technology,Enterprise
a2a35a42-c3b2-4067-9e64-ec98f5baad43,"Home Depot, Inc. (The)",Hospitality,Midmarket
80121e4c-b5b8-4237-83ec-b89b2bdbf498,Westamerica Bancorporation,Utilities,Midmarket
74546be6-ebcb-4418-96c0-832c298f1d18,UBS AG,Healthcare,Midmarket
56883c9c-30c4-4459-bdd4-28d9d724ba5b,Datawatch Corporation,Retail,SMB
d94b3d1d-483d-4922-bfd7-731bde19ef10,Anixter International Inc.,Education,Midmarket
7643e127-d2da-4d3d-bab2-6f1f29ae3dec,National Steel Company,Banking,Enterprise
1b7aa89d-2cd2-4c64-b0d3-fe456ddcc988,Royal Bank Scotland plc (The),Healthcare,Midmarket
0f605e72-b807-496b-9623-ec3d40c4068b,"Marchex, Inc.",Hospitality,SMB
7dba852d-4e07-4917-b7da-be8f0cd4a2f1,"Seattle Genetics, Inc.",Automotive,Midmarket
bdce856a-d0f4-4c84-bac9-ec352c14b2c6,iShares S&P India Nifty 50 Index Fund,Food and Beverage,Midmarket
2206c42e-2a87-4c86-aec2-dd50a11351fd,Chemung Financial Corp,Financial Services,SMB
e9940b70-19f0-41bf-b50d-b144cb5f565f,NBT Bancorp Inc.,Financial Services,Midmarket
83e69533-2fa6-46be-a7e1-aa55c421b7de,Orix Corp Ads,Hospitality,SMB
8eb4d69f-6484-4800-9e26-afc7ec6164eb,"Barnes & Noble Education, Inc",Transportation,SMB
172938e7-7cdf-4d2b-b292-c20cce1d1efa,Eastman Kodak Company,Telecommunications,SMB
af653dc0-5ec0-4aff-8439-2eed6cc8c2ce,First Trust Latin America AlphaDEX Fund,Media and Entertainment,Enterprise
60c0581c-9648-445d-b87e-40d7bb38d8c1,"Colony NorthStar, Inc.",Hospitality,Enterprise
d8fddc92-812c-4a0e-8bff-e1be8e6c2c32,International Speedway Corporation,Utilities,SMB
79c791f3-2fff-45b6-92b3-1923f311e0ea,"Limelight Networks, Inc.",Education,Midmarket
f1c83925-e89e-4552-b77d-97296664b59d,"Donaldson Company, Inc.",Media and Entertainment,Enterprise
e90603a2-b691-4b9f-b6bd-7dd6bf147600,"Summit Financial Group, Inc.",Financial Services,SMB
d7167467-3f9d-4cdf-aeef-87103b87daec,"Lithia Motors, Inc.",Food and Beverage,Midmarket
7534ab75-52d4-42de-84a5-97d52d7b6e47,"PT Telekomunikasi Indonesia, Tbk",Food and Beverage,SMB
736c8476-056b-46db-a998-f2174a76dfe1,Diversicare Healthcare Services Inc.,Education,SMB
779874e6-2860-4bb9-ba95-0d9da87f9592,Chemours Company (The),Media and Entertainment,Enterprise
d2a14945-6c5a-4254-9541-24059d718d21,"Virtus Investment Partners, Inc.",Education,Enterprise
b9ad62b9-0eb7-4307-bcd1-dfc4ecd81ae9,"Alliance One International, Inc.",Healthcare,Midmarket
d43b22e6-a33b-49e4-8a80-0841bb83dde5,"Zimmer Biomet Holdings, Inc.",Hospitality,Midmarket
73ff7bdd-287b-4f5b-a7f5-d055953a8929,Yelp Inc.,Insurance,SMB
f10e28b8-c0e2-44ce-a2c1-ecd83ad387d8,China Xiniya Fashion Limited,Media and Entertainment,Enterprise
28c04e1c-4369-4364-a84e-6864ab63f4b4,Otter Tail Corporation,Healthcare,Enterprise
50923936-7f50-427e-ae8d-a5af8cf7606c,Cellect Biotechnology Ltd.,Transportation,Midmarket
884465bc-408b-417b-9702-53b89d78098d,"Vectrus, Inc.",Healthcare,SMB
75efd392-d9d6-4add-bfeb-b3cc614180e8,QAD Inc.,Healthcare,Midmarket
a8e7df46-801c-4926-849e-b18f995a3f46,VictoryShares International Volatility Wtd ETF,Financial Services,Midmarket
3e75e1b5-a68b-47f8-b8d0-c23a7ecb38b6,"Cohen & Steers Global Income Builder, Inc.",Real Estate,SMB
a1e6a337-8943-4eea-a475-f9a5254f1c45,Bank of America Corporation,Logistics,Midmarket
5b3157b1-0cc5-4d2a-92df-cc073753cdc9,"Home Bancorp, Inc.",Automotive,SMB
41fae906-e106-408c-b961-f3354a0f3686,Navios Maritime Holdings Inc.,Energy,Enterprise
99065af3-611a-4bc5-a736-8c52e15b9749,Global X Robotics & Artificial Intelligence ETF,Media and Entertainment,SMB
74832196-eaf7-4cfe-8784-61ca932301d1,Sapiens International Corporation N.V.,Financial Services,SMB
78603316-41e5-40fc-b3a2-1d105b95943e,"Revance Therapeutics, Inc.",Healthcare,SMB
8ef083c8-fdcc-45cc-8907-8837444f63b8,"Enphase Energy, Inc.",Automotive,SMB
df95fdd8-0036-4c6d-878c-3b2d4cda9341,"Second Sight Medical Products, Inc.",Telecommunications,Midmarket
cd2396a7-87e8-4691-a391-3b5ae60ad073,"Clean Diesel Technologies, Inc.",Energy,SMB
92a46e33-5aac-4b3e-8c09-82439b03cc22,500.com Limited,Healthcare,SMB
bb1b2ea5-32ca-4bc2-9a3c-be19bf7f66e7,"PS Business Parks, Inc.",Technology,SMB
6bf70819-1332-4f12-8e06-c252a177a18a,Almost Family Inc,Technology,SMB
ef3ec397-1643-4e9d-bf95-d8e6282d4da5,GW Pharmaceuticals Plc,Logistics,SMB
5548d7b6-6014-4769-8fc7-5d8f8e6caefb,First Trust Emerging Markets Small Cap AlphaDEX Fund,Financial Services,SMB
28cd7ebe-d581-4032-8157-7d67b5efe323,Logitech International S.A.,Hospitality,SMB
b943ca16-4912-4fed-877d-ee4800edc106,"EOG Resources, Inc.",Telecommunications,Midmarket
93fc5f72-930f-4ba2-83e5-823576572dd6,SJW Group,Technology,SMB
3e3e6fb0-57ba-4212-98df-9a7300cb799d,"Advanced Energy Industries, Inc.",Hospitality,SMB
ce4afa02-d5fc-49a4-bc74-40cbbb504af8,8point3 Energy Partners LP,Logistics,Enterprise
c6345939-f9ab-404c-a23b-0ccc6d324c67,Double Eagle Acquisition Corp.,Telecommunications,SMB
55a30915-a380-4fb4-9426-799575d84f81,Telefonica SA,Automotive,Midmarket
9bfc9fde-e25f-42e8-b068-6b88de971c75,Medallion Financial Corp.,Healthcare,SMB
16eb2bf2-8a6c-4615-bedd-10ae991114b8,"Pacific Biosciences of California, Inc.",Insurance,SMB
f7ed9f09-6021-46a9-b9bc-e52b321aa108,Two River Bancorp,Utilities,SMB
d1af3af7-ecff-41cc-a784-3ad4ec5edc1b,"SunTrust Banks, Inc.",Technology,SMB
d4265610-b221-4b31-a37c-77ee06d6983d,Vicor Corporation,Financial Services,SMB
449ee81e-42ed-4a25-a8fa-2874a4c3c4c3,"HRG Group, Inc.",Telecommunications,Midmarket
c5cd9d33-bc15-4b2a-8648-8620895ab8eb,ClearSign Combustion Corporation,Logistics,Midmarket
eebdeb43-8c3b-4cca-9a11-54b77be6ee9c,Bed Bath & Beyond Inc.,Healthcare,SMB
042a4aa2-1a20-45b5-8d32-d101a1e739f4,"Synthetic Fixed-Income Securities, Inc.",Telecommunications,SMB
d685e17e-6176-4229-bc3f-be90e6741d29,First Acceptance Corporation,Healthcare,SMB
343bc56e-8adf-48a4-be64-7caaac4d98b6,"KCAP Financial, Inc.",Financial Services,SMB
9277ae31-4093-4b41-9956-9bc382371d9d,John Hancock Hedged Equity & Income Fund,Healthcare,SMB
27f3858b-78fe-42b0-98cd-d2771dbc923d,"Smart Sand, Inc.",Telecommunications,SMB
7929dfee-e289-4412-958b-fc3a904abb5a,Atlantic Alliance Partnership Corp.,Food and Beverage,SMB
383bdc6a-d4a8-44cb-9398-469a27de1151,Kaiser Aluminum Corporation,Hospitality,SMB
8aececc6-a91b-4733-97c0-da187292999c,Charles & Colvard Ltd,Retail,Enterprise
45d98144-7d9c-4023-8d30-182d4afc4d00,Inotek Pharmaceuticals Corporation,Logistics,Enterprise
d8accb74-5e04-40b0-a03c-70093fa03a52,Suncor Energy  Inc.,Logistics,SMB
d2355209-d31d-49a7-aebf-074a83203ad4,"B. Riley Financial, Inc.",Energy,SMB
714a5e62-4b37-43ca-9a9a-3216b6c12993,Employers Holdings Inc,Energy,SMB
e501b219-ab92-45c4-bf5b-6afecf1f3e67,"The Bon-Ton Stores, Inc.",Financial Services,SMB
0fa68ee6-186c-42df-93c1-3eee8f7ff4a1,"Spectrum Brands Holdings, Inc.",Media and Entertainment,SMB
429f006f-5732-4e84-a8b8-4763b1b9c0aa,CNB Financial Corporation,Education,SMB
6793dac9-e988-4de0-bd62-422041d9017d,S&W Seed Company,Telecommunications,Midmarket
76fd9c31-5dc7-49a5-b4ea-32d483040ce8,Barington/Hilco Acquisition Corp.,Energy,SMB
11b13f85-ccde-4a26-b62a-1df75163ffe6,Global X Longevity Thematic ETF,Telecommunications,Midmarket
918163fb-71bf-446f-80ac-960d5b8cb6b9,"MarineMax, Inc.",Education,SMB
512fd254-eaaa-4349-a2ce-5870b0bf0536,Pendrell Corporation,Logistics,SMB
f34e3672-96fe-4bf4-a8ad-010527189148,"PNC Financial Services Group, Inc. (The)",Food and Beverage,Enterprise
643bc56a-39e5-49a9-bedc-0e0f1808b2b7,E*TRADE Financial Corporation,Real Estate,SMB
16153a6c-581d-4747-9536-4471b294b53b,Fulton Financial Corporation,Media and Entertainment,SMB
b11c9fde-5020-4a44-8c08-7492966163f1,"Cempra, Inc.",Automotive,SMB
3a36951a-1d70-4252-8fb0-f7be748b914c,"Endologix, Inc.",Banking,SMB
ac0dc4d8-8c43-48cc-b556-e7b3a4a2908f,"Huntington Ingalls Industries, Inc.",Healthcare,Midmarket
18d32b2a-f934-4514-a963-c889da12e741,International Bancshares Corporation,Retail,SMB
94fdc51a-1007-4fc5-9e6e-84e43da25b34,Franklin Universal Trust,Healthcare,Enterprise
7dfb0727-e851-4003-8bdb-ef37d0f347f5,Packaging Corporation of America,Food and Beverage,Midmarket
9abf44b5-2d0a-4971-8534-7786ae7e9580,"Cellectar Biosciences, Inc.",Logistics,Midmarket
6a828c94-6113-4a60-a076-5a58cfa4820f,Intercontinental Hotels Group,Real Estate,Enterprise
aa2f5ebf-7ebd-43f0-9423-fe5b3eba0937,Euro Tech Holdings Company Limited,Telecommunications,SMB
7f01903c-f72d-41ae-86ea-f0399fea0879,China Yuchai International Limited,Technology,SMB
31836dd8-4d12-4cea-97eb-a901fc4af6c2,TravelCenters of America LLC,Construction,SMB
534e1e99-9a7f-4c89-8cd4-765c3316f79c,Marriott International,Media and Entertainment,Midmarket
f94f8e9d-e172-4506-9a08-cf9697b49393,Phoenix New Media Limited,Hospitality,Midmarket
eaf49570-b6ca-435b-b181-14bcf6619581,Welltower Inc.,Financial Services,Enterprise
ae92d2f2-08c7-415c-b0a4-a9c86ded3dc1,Preformed Line Products Company,Financial Services,Midmarket
59035d65-6664-465f-a38b-da176983c011,Acceleron Pharma Inc.,Media and Entertainment,SMB
5fc5c3bc-18d9-475d-808e-60cb281832d8,Canada Goose Holdings Inc.,Technology,SMB
5669bf95-c737-4cdb-b37c-7497100d7256,Stellar Acquisition III Inc.,Energy,Midmarket
168a288c-4c0c-4b75-98f8-5ee729f2060f,DHX Media Ltd.,Hospitality,Midmarket
7fd4193f-7f35-45f0-9ed2-68103b117147,Wells Fargo & Company,Financial Services,Enterprise
27ce28a8-efca-446c-a64b-936193db9ef4,"Arista Networks, Inc.",Real Estate,Enterprise
17ca834f-a344-484e-ab33-bce1ab7fe1cd,POSCO,Utilities,Midmarket
0e4c23af-110b-4f0e-a93b-0cb34b86fa72,"Assurant, Inc.",Transportation,SMB
dd4ef1be-f786-4a2a-bb3a-8223f1929f3f,WisdomTree Western Asset Unconstrained Bond Fund,Real Estate,SMB
8e973b6e-31c0-452f-8aa1-16dd7030c34d,58.com Inc.,Hospitality,SMB
2814870e-ea89-4589-b4e4-a6e14377dbcd,"SuperCom, Ltd.",Insurance,SMB
80596bbf-04b6-41c8-be18-feff5c65376c,"DSP Group, Inc.",Healthcare,SMB
ecc4d9f8-c3ec-471e-bcd2-aaf656427b4e,Fifth Street Asset Management Inc.,Retail,Enterprise
419c1266-4956-4aab-aa39-ee0f60d2b5df,Giga-tronics Incorporated,Media and Entertainment,Enterprise
92c8232a-1006-4522-9fab-73e73c54c8f1,ResMed Inc.,Financial Services,Midmarket
1960b6da-a435-4ee7-9965-34a3ddc1743d,"THL Credit, Inc.",Hospitality,SMB
b6844a23-89fe-4c02-8400-1700eb82bcbc,"Synthetic Fixed-Income Securities, Inc.",Hospitality,SMB
403977cc-79a6-4daa-86cd-91dba8776208,Matador Resources Company,Insurance,Midmarket
0248dbfb-de3e-4d82-97fd-4e9fb981c882,AllianceBernstein Holding L.P.,Manufacturing,SMB
bcea34c3-dce2-4546-a221-a1d669421bbc,Imax Corporation,Logistics,SMB
692a84c9-7413-40f2-b55a-f5b731604ac0,"Dynex Capital, Inc.",Healthcare,Midmarket
3acbc5f9-0641-4584-8e60-4d20013fb3b0,Annaly Capital Management Inc,Logistics,SMB
0b7ca5c0-8e34-4d35-b00e-cf4e5d7e92fc,"Sypris Solutions, Inc.",Logistics,SMB
395eeff1-dce8-4ef2-aa5d-d59d8b0604f5,Banco Bradesco Sa,Retail,SMB
4f877a0e-5b79-42e2-af5b-de00db66e93c,"KalVista Pharmaceuticals, Inc.",Healthcare,SMB
ada05528-1745-440d-a6a5-054c14290474,Nustar Energy L.P.,Automotive,SMB
babda842-3ae7-48a6-b458-63e6ab49f06c,NASDAQ TEST STOCK,Education,SMB
bc24a6a9-f309-41e1-b3bf-8a0888ac4b7d,Emclaire Financial Corp,Media and Entertainment,SMB
d0b931d9-710b-4490-a459-b6e8f819f181,"Organovo Holdings, Inc.",Transportation,Midmarket
6a06856c-c613-404c-8076-6f41e9b656b6,Attunity Ltd.,Banking,Midmarket
8d4a7b25-c415-4ed6-9a53-643015bf28ab,"Reis, Inc",Banking,Midmarket
374df639-9176-46bd-81be-8e981070d68e,NXT-ID Inc.,Technology,SMB
de8ad0e6-6142-4211-878c-30332fe962d1,Western Asset Municipal Defined Opportunity Trust Inc,Media and Entertainment,SMB
6dafb2b8-7b99-4bf3-a03d-2488a4c141ab,REGENXBIO Inc.,Logistics,SMB
7a0edf64-ef4b-48ff-98ae-13d17574c000,Vistra Energy Corp.,Financial Services,SMB
03a9384c-96bb-44c1-9824-057e1403aedb,Liberty All-Star Equity Fund,Real Estate,Midmarket
47087a0e-a496-442a-8117-17eccf879be8,"Inventure Foods, Inc.",Media and Entertainment,SMB
74bf12be-595f-487b-a707-b508abe722b3,Kilroy Realty Corporation,Education,Midmarket
030752a0-230b-4844-81f1-59993b8216cd,"Jernigan Capital, Inc.",Hospitality,SMB
dfb77a03-3197-4f10-90d3-ade27a718fd4,Ultragenyx Pharmaceutical Inc.,Hospitality,Midmarket
123f1517-0b12-4d9c-8082-5d380f68d96e,Eaton Vance Municipal Income 2028 Term Trust,Technology,SMB
a5bb77fb-b063-445e-b31e-67c6075a5efd,Nuveen Dow 30SM Dynamic Overwrite Fund,Financial Services,Midmarket
cf60700e-8784-44aa-bf55-df339e38a7a9,Avista Healthcare Public Acquisition Corp.,Logistics,SMB
9c985b25-2035-440d-9f0a-dc0876d80c9e,LaSalle Hotel Properties,Transportation,SMB
64fcdf34-d93f-4028-a1eb-a98db39427e9,"Huttig Building Products, Inc.",Telecommunications,SMB
6582abf6-0387-430b-aea3-9ed06802ed9d,"Magellan Health, Inc.",Education,Enterprise
c4a6f47a-e62c-4761-86d4-ea53bc82e1d7,Gabelli Utility Trust (The),Healthcare,SMB
d6021d5e-82fb-4ce6-a75d-27c125b52b23,Royal Dutch Shell PLC,Energy,SMB
384d6410-a754-4b71-8e41-781036d5532c,Deltic Timber Corporation,Financial Services,Enterprise
b01048fd-816d-49d7-87b4-ceda67ce5afa,Kemper Corporation,Financial Services,SMB
e9a27a6c-a511-497b-b95b-188eeee3c841,Prudential Public Limited Company,Healthcare,Midmarket
a61fe856-a54a-4f92-aa33-54bc72763293,Canadian Natural Resources Limited,Healthcare,SMB
28a3c054-736a-4ef6-a35c-ed35e68d308b,Kemet Corporation,Transportation,Midmarket
b9037951-404b-4f4f-810b-69cd40c85f32,"Becton, Dickinson and Company",Technology,Midmarket
efa26411-d08b-4123-afc4-fc9abfeada4d,Nortel Inversora SA,Automotive,SMB
ba5bc40d-7f22-4ff0-acef-b6c56f3df31e,Kimco Realty Corporation,Financial Services,Midmarket
11805879-3700-49e5-84f3-f59bdb0a4051,TEGNA Inc.,Financial Services,Midmarket
9e566e32-f628-4d66-ada5-82f5ffe0302f,Pitney Bowes Inc.,Technology,SMB
64cd3971-072e-4f94-aee2-c642e48668c3,CF Corporation,Retail,SMB
d3d30297-4785-46a6-b9e1-dfba91336d33,Special Opportunities Fund Inc.,Media and Entertainment,Midmarket
d4c74155-e273-4c40-918c-9ce5b3ff0bc8,PBF Energy Inc.,Food and Beverage,SMB
952671ea-dad5-4803-a2a5-1d740154687e,"T-Mobile US, Inc.",Logistics,Midmarket
cb5103c6-f58c-4a27-bd81-8808b5075833,"Palo Alto Networks, Inc.",Telecommunications,SMB
3b9ad463-bd2d-4e6b-99c7-85fd3c55d967,Cerner Corporation,Transportation,Midmarket
9e698cb3-f9c3-4de1-bc32-7f7978c2e941,"MEI Pharma, Inc.",Automotive,SMB
981f14f6-f415-4bcf-b774-f9f926611763,RiceBran Technologies,Energy,Midmarket
8929cfcc-c07d-4d0c-9a5e-f36c9f97d7ca,Tesco Corporation,Hospitality,SMB
9b299d46-0c11-4bc2-b944-ac0518f198a9,iShares MSCI UAE Capped ETF,Real Estate,Midmarket
fe5d7a8f-0c1d-4494-94ec-2dd727f58218,First Trust NASDAQ-100 Ex-Technology Sector Index Fund,Healthcare,Enterprise
912d0f9c-3479-41b9-b7b1-67d2aae4cb2e,National Steel Company,Telecommunications,Midmarket
bf69c775-bbf0-420a-8f2f-97dc93f46e92,"Mohawk Industries, Inc.",Telecommunications,SMB
bd422a59-64e8-4a75-8f44-5ec14f3d66e6,"National Security Group, Inc.",Financial Services,SMB
7d4a7d43-77c9-41e5-9ac3-1e720d0c0c03,"DexCom, Inc.",Hospitality,Enterprise
518a5b66-9633-44d2-9ab6-1b89ce158e71,Ohio Valley Banc Corp.,Logistics,Enterprise
dae268ac-cdf7-42e2-80dd-77fc5c1c2324,CF Corporation,Media and Entertainment,Enterprise
57f9faeb-2df0-4577-8567-6e923d67ea68,First Trust Nasdaq Retail ETF,Food and Beverage,SMB
daabac8a-bf20-4fdb-9339-5a238fc3dced,BB&T Corporation,Banking,SMB
a83974a3-f0bc-4816-9fad-a6485bc60744,"Cempra, Inc.",Banking,SMB
ac96e7ae-5e33-4263-be01-9b7126202ea7,Gulfport Energy Corporation,Automotive,Midmarket
4a9f3d66-7448-44c3-b1a9-6f58abad91d9,Blackrock MuniYield Investment Fund,Logistics,SMB
76092a38-bb49-4932-9e7d-b4f0a6931062,"Western New England Bancorp, Inc.",Utilities,SMB
594c6f7e-3a76-4fc4-a56c-fd5038433194,John Hancock Tax-Advantaged Global Shareholder Yield Fund,Automotive,Enterprise
b4bf6efe-5390-4462-afb9-4185df596f99,"EMCOR Group, Inc.",Technology,Midmarket
52441b0e-378b-4ab6-9de2-33ffa04f0117,Student Transportation Inc,Real Estate,SMB
b2d20266-6339-409c-b2ce-f56bdef14275,IHS Markit Ltd.,Transportation,SMB
dca03662-907e-49c5-a42c-4d3c60989607,Paragon Commercial Corporation,Education,SMB
ca418d0f-9d5e-4659-b224-086117b1336a,"United Bancshares, Inc.",Technology,Midmarket
a8752496-cab6-409c-9aa5-8ddb9ce08909,Tri Continental Corporation,Food and Beverage,SMB
f330148c-1fa2-48ff-8b92-ae9e1bb66a76,"EastGroup Properties, Inc.",Education,SMB
63231c60-18be-4356-9345-3b394d661265,Apollo Investment Corporation,Education,Midmarket
960d151b-1e5d-479a-a684-c5fa16a5a85d,"AzurRx BioPharma, Inc.",Technology,SMB
3163cc68-f134-4d04-b275-4d79e5121cfb,"Gores Holdings II, Inc.",Hospitality,Enterprise
ebc62d04-3c44-47ab-ab8c-01290a62ed93,"Rightside Group, Ltd.",Education,SMB
de3097da-4c23-4ee9-b862-f70a5e7d0342,"Colony NorthStar, Inc.",Retail,SMB
95ba1091-47c7-4581-986c-a1bca6bc1338,Banco De Chile,Financial Services,Midmarket
84bb89b6-fefd-4131-9866-dc5a028ebcd3,First Commonwealth Financial Corporation,Energy,SMB
d5b078e7-c96f-4ba9-b619-6f127bc85e4d,Wells Fargo Global Dividend Opportunity Fund,Healthcare,SMB
1cbbb97c-7fad-413c-a980-cfb109df2816,"Tetraphase Pharmaceuticals, Inc.",Technology,SMB
cc838c8d-63fc-438b-b60e-597701772e9f,Voya Prime Rate Trust,Education,Midmarket
f5b07735-3ab3-4261-a5ec-ac5a70729684,"Curis, Inc.",Logistics,Enterprise
3169207a-293a-46b7-bf83-a0d559393e42,TCF Financial Corporation,Technology,SMB
023f1a45-ac7a-471f-ad70-98b50065afbd,"Soleno Therapeutics, Inc.",Energy,SMB
94bff89e-02c3-409f-bc99-d2b6c38cb527,Landmark Infrastructure Partners LP,Media and Entertainment,Midmarket
f81d37bc-d8de-41a1-866a-3c3ebdfdda00,"Telephone and Data Systems, Inc.",Hospitality,Midmarket
ba29dcc3-c034-4c8c-a256-5fbae5244338,Pimco Corporate & Income Opportunity Fund,Logistics,SMB
07c26a10-d5c0-4995-a409-9f442ee0043d,Glaukos Corporation,Retail,Midmarket
d3232d32-d615-4f16-86e2-6a299fa51990,"Medical Transcription Billing, Corp.",Education,Enterprise
500046e4-32a5-47e8-b6fa-9b6a06e44ba9,"Citizens Community Bancorp, Inc.",Technology,Midmarket
d94ddfc6-e710-4236-832a-20b6e6e2b7ef,Wyndham Worldwide Corp,Hospitality,SMB
0c47da75-19b2-4b98-8837-2c585d4e3d27,Nuveen Pennsylvania Quality Municipal Income Fund,Technology,SMB
9b96ff41-e47e-4cf4-b771-d36f79efd309,NCR Corporation,Education,SMB
4d007c5e-d879-43c3-a1e1-0b9c9452fe1a,The Gabelli Healthcare & Wellness Trust,Energy,Midmarket
504bf15a-528c-49d2-8b1e-d663e1dc0733,Starbucks Corporation,Energy,SMB
80f24de7-32b6-4028-9593-af6485ec22e3,"Home Bancorp, Inc.",Technology,SMB
a3d6b986-2e26-4f7b-8136-9938740c01c3,"EQT Midstream Partners, LP",Technology,SMB
4088edfa-f15e-40ef-8285-01cb4820d3d0,Domtar Corporation,Automotive,SMB
49fb0d22-a6f5-438b-a944-8696bb16356b,Hancock Holding Company,Hospitality,SMB
6d1e6512-148c-43d5-a867-16ccf679a74f,"Blackrock MuniHoldings Quality Fund II, Inc.",Financial Services,Enterprise
8f4a401b-1ee7-40c8-a177-9c07fdb38bd7,"1-800 FLOWERS.COM, Inc.",Hospitality,Midmarket
0aa27a45-a872-4f01-a160-72961d5f4e9e,The ExOne Company,Healthcare,SMB
927cbd2a-4b86-4124-af13-386e39c317b4,"MEI Pharma, Inc.",Food and Beverage,SMB
38e469a2-0a60-45eb-8d5c-bd6373bc5d53,"Tetra Tech, Inc.",Automotive,SMB
b4047c31-2761-46ce-a7c4-e33c5e25fee4,El Paso Electric Company,Media and Entertainment,SMB
2104c2cd-064e-418c-9303-b8693acf1841,Park-Ohio Holdings Corp.,Retail,SMB
5e6b5d94-ecdd-4a99-b318-4e2cc10644a0,Sotherly Hotels Inc.,Technology,SMB
a279fcbd-7e61-4227-9632-77a4d6a26573,Sysco Corporation,Real Estate,Midmarket
2d0811e1-61cb-4e71-ae11-c7cb280e6e89,Voya Prime Rate Trust,Media and Entertainment,Midmarket
100ae87b-738e-4218-b045-776696d10daf,Gabelli Dividend,Transportation,SMB
79ebe464-035b-40a0-a876-6fcf9cc37c08,DCP Midstream LP,Automotive,Midmarket
e0c2ce71-e87f-4a97-bff8-208a206362b4,"Tivity Health, Inc.",Healthcare,Midmarket
6f05677b-4791-43a9-b563-7389749e0cf9,Mercury General Corporation,Retail,SMB
59fe56ed-16e8-41b1-b2fd-50de0f34aa3b,"Limelight Networks, Inc.",Utilities,SMB
4cc9caf9-c136-4b32-a911-39fd776c6a72,Ita? CorpBanca,Education,Midmarket
2a880961-eaae-4201-996d-6fc2d93eece3,Select Medical Holdings Corporation,Food and Beverage,Enterprise
497a75ad-12bb-4690-a655-d6563337e49e,"ViewRay, Inc.",Telecommunications,Midmarket
64940b17-d146-4e78-ae77-c5ef004cd9f2,National General Holdings Corp,Logistics,Midmarket
8de8e2f1-abc0-44c4-acd7-5cadb31bf4af,"Shutterstock, Inc.",Telecommunications,SMB
03abe2ce-036b-423c-a12d-0b11acccb5bb,Essendant Inc.,Hospitality,Midmarket
f501cfc5-deec-417d-9ebb-f970f7f95dfe,NMI Holdings Inc,Hospitality,Midmarket
52aec9ed-e8e2-4e0b-a8e2-735585851cc3,Vident Core US Equity ETF,Education,Midmarket
f24b6322-13ec-4eae-9434-8c0ae04827e4,MFS Charter Income Trust,Logistics,Midmarket
f5cd7f0f-2f63-4135-8371-ffaa421cc79e,INTL FCStone Inc.,Media and Entertainment,Enterprise
87a58bdc-bcad-4f25-a5f4-73574b89e651,"Swiss Helvetia Fund, Inc. (The)",Telecommunications,Midmarket
16f197c9-d192-478b-a770-b71c2d7823f7,Nationstar Mortgage Holdings Inc.,Utilities,SMB
737471a2-1009-4d47-af00-2774d80ba081,"FairPoint Communications, Inc.",Hospitality,Midmarket
105f1b4e-99ff-4d08-bd4c-2a60183891e6,"Lowe's Companies, Inc.",Media and Entertainment,Midmarket
4caaee65-1f12-4a51-8cc0-aeed30e8fd89,Taro Pharmaceutical Industries Ltd.,Real Estate,SMB
c0517c2f-e9c0-4229-8c44-676cd263a470,Energous Corporation,Logistics,SMB
232cdf53-cc44-475e-939f-44eb69cbeb1d,Brady Corporation,Technology,SMB
7325f370-65f8-4f37-98b4-6d2f1d41f437,Acceleron Pharma Inc.,Technology,SMB
d554141e-be5a-4247-bccf-dd4446f52428,Aegean Marine Petroleum Network Inc.,Education,Midmarket
e82fe45f-3760-4687-a922-4f3c703cb42f,"Audentes Therapeutics, Inc.",Banking,SMB
c557a52a-f4b0-4b4d-bbd5-f687a90469b3,BankFinancial Corporation,Media and Entertainment,Enterprise
b95f4f19-50b4-4368-b72e-aa3343e6a765,First Trust Hong Kong AlphaDEX Fund,Hospitality,SMB
354d5e15-1ac3-4231-a1bc-a341d96e869c,Pebblebrook Hotel Trust,Energy,SMB
c020d346-df85-457f-9450-d0d1fe1477a1,Blackrock Florida Municipal 2020 Term Trust,Healthcare,SMB
f7a8efe3-723d-44a1-acf5-08fb674fcbcb,"Sevcon, Inc.",Telecommunications,SMB
252fdd2f-5069-4a83-84f4-9d286dc28bb1,Howard Hughes Corporation (The),Automotive,SMB
6709d210-db16-4940-8ff6-78f7a348c8ea,Ladder Capital Corp,Transportation,Midmarket
f865c978-581b-4f42-a41c-64961db24156,"Apricus Biosciences, Inc.",Hospitality,SMB
a0505ae6-536c-44fd-85e2-917e3b96b2c6,"Radius Health, Inc.",Energy,SMB
72981a5c-8a4c-4aaa-ab17-14958aa035d0,Ikonics Corporation,Retail,SMB
3902cda9-41a6-4449-97b1-321665bde8a8,Torchmark Corporation,Healthcare,SMB
43dbab72-74d2-41c8-8f01-698515e9196d,Eaton Vance Tax-Advantaged Global Dividend Income Fund,Media and Entertainment,Midmarket
1a2ac10e-fd5b-4e0d-b29a-96ec38276e4a,Northern Trust Corporation,Healthcare,Midmarket
eecd0c1c-1566-4832-8084-ffc06d383c13,Citigroup Inc.,Media and Entertainment,SMB
e453b7d6-680e-488e-b9a3-5d3e8de5aa24,Bright Scholar Education Holdings Limited,Automotive,Midmarket
86720391-b292-44a7-9b8e-c559a027bf83,"NI Holdings, Inc.",Retail,Enterprise
b571485a-6766-4550-8c40-d85fe48d3fe5,"LMI Aerospace, Inc.",Banking,Enterprise
0067eb01-3809-4efe-8f76-c89ddbfe184e,Lincoln National Corporation,Healthcare,Midmarket
1e77a629-deb4-4676-a7e9-9d30785a4e3b,"Inogen, Inc",Food and Beverage,Enterprise
c1c5e7e8-96bb-4c25-86be-358f1dc6fa8e,First Potomac Realty Trust,Retail,Midmarket
1d93b0e1-dace-4c68-a2f0-7072602957b8,Moelis & Company,Utilities,SMB
fd8b262d-0ab7-4160-ba74-2857e1d646ef,EXCO Resources NL,Manufacturing,SMB
c4cdaf78-7688-4206-bcad-467f82c2dba1,Carnival Corporation,Transportation,SMB
db470ea3-5112-4bdf-9e00-01eccea957ee,Humana Inc.,Hospitality,Midmarket
bd751f02-c4fa-4e2f-813d-4fa0d8b9d372,Attunity Ltd.,Retail,Midmarket
9a521f41-8e0e-4568-9ccb-178ad84d6d79,ClearBridge Energy MLP Fund Inc.,Healthcare,SMB
057da099-9536-4bc2-8427-c87f333fd406,"Internationa Flavors & Fragrances, Inc.",Retail,SMB
b799a838-3703-4aa1-ad99-68c5c6be75fe,RAIT Financial Trust,Retail,Midmarket
add80bdb-fbf0-4acd-983e-2dfbfef49136,Comerica Incorporated,Telecommunications,SMB
b8bc742c-65f2-457c-bb73-e954fb80edc0,Barclays PLC,Education,SMB
3af2f5ac-923a-4686-8de2-b353ae1cb446,First Trust Multi Cap Value AlphaDEX Fund,Telecommunications,Enterprise
0bd96b3c-19c3-4c66-b52d-ee674747e45f,First Trust Nasdaq Bank ETF,Technology,SMB
c6460002-b4b8-4462-bdc1-182e0fb34dd1,"ICC Holdings, Inc.",Utilities,SMB
26c25057-c1f9-4337-9748-6ed1df9f1aba,"Stanley Furniture Company, Inc.",Telecommunications,SMB
f5362bc3-4730-4142-8002-1b1cd4693b0f,"Sprouts Farmers Market, Inc.",Technology,Midmarket
319ac3b0-6907-4152-86c0-c265070fb507,iPath US Treasury 2-year Bear ETN,Logistics,SMB
50cb1691-c493-4b10-9567-7c4625513ba4,"Zynerba Pharmaceuticals, Inc.",Telecommunications,SMB
de069880-37f3-4b4f-8bd4-8167d52a2c1e,CombiMatrix Corporation,Healthcare,SMB
8ab4cd68-82d3-48ec-b6f4-ca81604fb7f1,Reliance Steel & Aluminum Co.,Healthcare,Midmarket
0368da57-cb72-4ea2-9a08-5e71bd7c7de7,F.N.B. Corporation,Education,SMB
76387f81-e6c0-4528-86e9-2e15c5a9de09,"Caleres, Inc.",Financial Services,SMB
0d7d533d-63b1-40e0-83c4-0b459853a87c,"Old Dominion Freight Line, Inc.",Healthcare,Midmarket
23ca19a1-887c-43b1-a2e2-ad7a2636136a,"United Dominion Realty Trust, Inc.",Education,Midmarket
3585ddc6-dcdc-4085-81af-58b1d158b129,"China Fund, Inc. (The)",Education,SMB
c80b6f22-b162-492b-ac83-39447c73c3d7,"Esperion Therapeutics, Inc.",Technology,SMB
8237d775-33a3-432e-a3d0-2eea6a2ebb55,"AxoGen, Inc.",Technology,SMB
af23cc85-0232-44de-a8bb-0a4c43850f4b,"Monster Digital, Inc.",Healthcare,SMB
0d55adad-00aa-4904-9550-f2fea5189f0c,"NextEra Energy, Inc.",Financial Services,Midmarket
841364b0-0428-4a1c-8cef-f282c7197e2a,Cabot Corporation,Hospitality,Midmarket
6f526c8b-dfaf-46cd-a607-c1d3e1a3a846,Intel Corporation,Telecommunications,Midmarket
f8ee24f7-5a90-4b09-b6f7-7d499672d574,"Canon, Inc.",Manufacturing,SMB
8b834cc6-f6cd-4579-873d-b97149a79649,"Black Diamond, Inc.",Healthcare,Midmarket
f0ef65fd-ec25-4ab2-8575-8a3adf39d698,"Blue Buffalo Pet Products, Inc.",Energy,SMB
92719fac-6846-4764-9a70-cfd0807f771b,First Trust Strategic High Income Fund II,Automotive,SMB
7be65d4e-80b9-4d66-a957-2304ef26f4a5,Cummins Inc.,Technology,Midmarket
a1d9ab0d-af71-41f5-96bd-aa17ea18a954,Vulcan Materials Company,Telecommunications,SMB
69437fa6-1f9c-4428-a48b-372bf4db1cdf,Resource Capital Corp.,Real Estate,Midmarket
556288c3-36e4-4303-b180-c1885becb3ab,"Citizens, Inc.",Technology,SMB
0f639555-7b63-4052-9243-1c7e1ae1c8f7,Adesto Technologies Corporation,Technology,SMB
f230d264-91bf-4180-b199-5d786aca12cc,Blackrock Municipal Bond Trust,Technology,Midmarket
7fbcdc62-afe8-4c4d-8e35-bdb4edbb22ba,"CVR Partners, LP",Automotive,SMB
b0b850a7-df59-4325-914d-573dfecdfe39,"Nordstrom, Inc.",Technology,SMB
f57e5c90-7d79-42a9-a577-7137144ecea4,Lannett Co Inc,Logistics,SMB
a048dbec-60e9-45ec-990b-e783c96aae07,"M I Acquisitions, Inc.",Healthcare,SMB
45ab7317-c96d-46c1-bef4-1ad24af592f2,"Douglas Emmett, Inc.",Education,SMB
d4b66bcc-6154-47b9-9dc3-20045d3c1c53,CPB Inc.,Education,SMB
22a20907-7120-4804-bda6-8a628dec2e9e,Broadway Financial Corporation,Manufacturing,SMB
870d83b7-4d11-4a6b-8ee1-6c71169d3545,"Orexigen Therapeutics, Inc.",Manufacturing,Enterprise
8101df79-3f23-46e3-8bca-55d4eff3bdf9,Coca Cola Femsa S.A.B. de C.V.,Healthcare,Midmarket
2d4f6f46-3f6f-4e3f-9dcc-9488d785bd3c,"Five Point Holdings, LLC",Technology,Midmarket
76d92471-a6a8-423f-a43f-edac2cfc0320,Bank of Marin Bancorp,Healthcare,SMB
f7e52bc4-b0b9-4cc6-a202-fc4b729770e9,"Fiesta Restaurant Group, Inc.",Insurance,Midmarket
1efc76b8-edf0-425b-9254-f639b63ee811,E.I. du Pont de Nemours and Company,Telecommunications,SMB
a931e06a-f5e6-4ead-8f3e-add4b6d5d637,HSBC Holdings plc,Telecommunications,Enterprise
4976e9f8-4312-4bcb-b3e2-50e01e041f72,John Hancock Investors Trust,Telecommunications,Enterprise
4db77203-abe0-41e2-a967-7d2a244c2b96,"Dorman Products, Inc.",Automotive,Enterprise
544b7369-2859-4511-867a-b61ba117dc31,Zoetis Inc.,Education,SMB
abc89dc3-b424-4b5e-b935-05ed7d643589,"Tootsie Roll Industries, Inc.",Retail,Enterprise
ac2b21a6-9677-4f84-ad3d-8c43f4cdabb8,Toro Company (The),Financial Services,Enterprise
d60f0c41-13ec-42bc-9eaa-cb274afe4e4f,Baozun Inc.,Logistics,Midmarket
4ca837c1-c290-4f32-89fe-872019c66d41,"United Rentals, Inc.",Banking,Midmarket
544efb61-7841-47e6-abc8-1e1b31fd68be,Xunlei Limited,Hospitality,Enterprise
65b2bc53-0419-4ad9-b514-80458a04ba63,V.F. Corporation,Automotive,SMB
c7d39b11-757e-4720-8c9e-d5fee7f8e753,Transportadora De Gas Sa Ord B,Logistics,SMB
4f0699a1-2f43-4902-b983-5993c23c29bb,Omnicom Group Inc.,Automotive,SMB
ad07d214-e3ac-4adc-ac27-ac0396d2973b,"Preferred Apartment Communities, Inc.",Logistics,SMB
0cd39a85-9ae5-4225-a903-a9d45a1da6fb,Hooker Furniture Corporation,Education,Midmarket
b444076d-fd6b-4a31-abfe-e1766e5a0bf7,Peabody Energy Corporation,Utilities,SMB
0ff0739f-2949-4923-87f3-32832ace48f6,AGNC Investment Corp.,Insurance,SMB
731354fa-1e85-4eec-b912-9db09b478e54,Clean Energy Fuels Corp.,Telecommunications,Midmarket
bd339643-9ea1-46dc-8313-d4a3419e78c7,Approach Resources Inc.,Education,SMB
6ad24f54-b7f9-427c-a5c9-861220bd40f2,Southern California Edison Company,Healthcare,SMB
4d4aea87-9ac2-4944-95e0-5a64dbb1d075,"HomeTrust Bancshares, Inc.",Manufacturing,Enterprise
b7a3c597-4282-478f-8fbb-d02e7150d680,Nabors Industries Ltd.,Utilities,SMB
b107eecd-9176-4a59-8c4a-4a1a85b28009,Oconee Federal Financial Corp.,Technology,SMB
d0586dd5-e625-4a4a-90f4-f7e9d64b4cb1,"Appliance Recycling Centers of America, Inc.",Financial Services,Enterprise
8736118c-8e04-4c61-ac67-c81b32451c46,Bank of N.T. Butterfield & Son Limited (The),Financial Services,SMB
9cd1a6a6-ea3f-4b7f-a2b3-bdd17079fbe5,The Descartes Systems Group Inc.,Automotive,Midmarket
1a2c3fd6-199e-46d6-a7f0-357daf6e1290,"Unifi, Inc.",Telecommunications,SMB
bebd6452-225c-443a-9774-070080140b21,"FCB Financial Holdings, Inc.",Automotive,SMB
8df8037b-de9d-4f4e-a4b4-20b54a8cee02,"Schneider National, Inc.",Media and Entertainment,SMB
6a7936f3-f4e4-4cdb-b5dd-a577918e1e11,The Carlyle Group L.P.,Healthcare,Midmarket
7a832461-b0ec-4393-9350-db4d75ff2a52,"MCBC Holdings, Inc.",Banking,Midmarket
e5b5f08f-8b23-4985-b8e0-7c994eee4924,CRH PLC,Retail,SMB
4146f08f-fc77-466e-9b4d-666824d68281,Center Coast MLP & Infrastructure Fund,Automotive,SMB
9be7a751-aac6-4e77-beec-718281f1a8d5,Nicolet Bankshares Inc.,Hospitality,Enterprise
4b6b3df0-4afd-4350-b12a-7be7b7a39b55,EPR Properties,Financial Services,SMB
1fc5656d-d4c9-4b3c-8b3d-41fbae240c88,"Callidus Software, Inc.",Financial Services,SMB
8ce9fbb8-a078-4bdc-adba-c288368be853,"Provident Financial Holdings, Inc.",Financial Services,SMB
d3140999-d9ed-45b5-a0c8-794b87b67532,Cushing Renaissance Fund (The),Logistics,Enterprise
b5c2e0dd-b30a-46a6-a263-acfaa5ec33bb,"KCAP Financial, Inc.",Technology,Midmarket
25736b5c-5cb2-4aea-8fff-a54deaf0ab7e,"Ossen Innovation Co., Ltd.",Telecommunications,Midmarket
eb2c8c99-8c22-4e8f-8fd5-706a4917e4f6,Santander Consumer USA Holdings Inc.,Healthcare,Midmarket
3223813e-fb97-4b2c-a956-8bb9f82eaa7f,Ardagh Group S.A.,Technology,Midmarket
cd479370-2d68-48d3-8285-864b97d75862,"Avnet, Inc.",Utilities,SMB
77b5d232-4af2-4694-a36d-514feedf80ac,"Heartland Financial USA, Inc.",Food and Beverage,Enterprise
f3e7c892-4d5a-4b2c-9a1e-7f8b3c4d5e6f,Atlas Manufacturing Solutions,Manufacturing,Midmarket
2b8e4f7a-9c3d-4e5f-8a2b-1c7d9e4f6a8b,Verde Energy Systems Inc.,Energy,Enterprise
9d4a7b2c-5e8f-4a3d-7b9c-6e1f4a7b9d2c,Coastal Healthcare Partners,Healthcare,SMB
a1b2c3d4-e5f6-4789-ab2c-3d4e5f6a7b8c,TechBridge Consulting Group,Technology,Midmarket
7c9e4f2a-8b1d-4356-9c7e-2f4a6b8d1c3e,Summit Retail Holdings Ltd.,Retail,Enterprise